-- phpMyAdmin SQL Dump
-- version 5.2.1
-- https://www.phpmyadmin.net/
--
-- Host: localhost
-- Generation Time: Dec 15, 2024 at 04:33 PM
-- Server version: 10.4.32-MariaDB
-- PHP Version: 8.2.12

SET SQL_MODE = "NO_AUTO_VALUE_ON_ZERO";
START TRANSACTION;
SET time_zone = "+00:00";


/*!40101 SET @OLD_CHARACTER_SET_CLIENT=@@CHARACTER_SET_CLIENT */;
/*!40101 SET @OLD_CHARACTER_SET_RESULTS=@@CHARACTER_SET_RESULTS */;
/*!40101 SET @OLD_COLLATION_CONNECTION=@@COLLATION_CONNECTION */;
/*!40101 SET NAMES utf8mb4 */;

--
-- Database: `molblium`
--

-- --------------------------------------------------------

--
-- Table structure for table `accounts`
--

CREATE TABLE `accounts` (
  `id` int(11) NOT NULL,
  `email` text NOT NULL,
  `password` text NOT NULL
) ENGINE=InnoDB DEFAULT CHARSET=utf8mb4 COLLATE=utf8mb4_general_ci;

--
-- Dumping data for table `accounts`
--

INSERT INTO `accounts` (`id`, `email`, `password`) VALUES
(1, 'Elisha_Haley@gmail.com', '$argon2id$v=19$m=65536,t=3,p=4$V0QcFidMpl19sjN+QG3Z5w$bNs9S1lSCKVJrntH5yA4IyNnpqTXyLxUAW9NA18igdo'),
(2, 'Gustave_Konopelski@hotmail.com', '$argon2id$v=19$m=65536,t=3,p=4$8fqarny26dKXzES1Ml2k4Q$U2B5JIyhWbggWm01WcjCq6I7unTPUvdDP2gMLf68hqY'),
(3, 'Lottie16@gmail.com', '$argon2id$v=19$m=65536,t=3,p=4$txx0Nmz1I83X3DSLBGRd3g$hhGGUDbmyCHLnO+souxNTV3CKiTAvdoDGZ2OxJNgcvU'),
(4, 'Megane_Streich@yahoo.com', '$argon2id$v=19$m=65536,t=3,p=4$VA8RBj8Sx8PeFSMnx5CVzQ$onRsVXJY8TjfXcSXtJLz9fn1eYJv6X6272ErqcvS80Q'),
(5, 'Enos_Zboncak@yahoo.com', '$argon2id$v=19$m=65536,t=3,p=4$V4KzK2030WA6isY4qo1t/g$jtCR91c53lphRJaKKU5Z92pwGpEcGW12349fMJS7aIQ'),
(6, 'Lilyan.Sawayn@gmail.com', '$argon2id$v=19$m=65536,t=3,p=4$ruY3/Cxp/df1j3HNjst1dw$K84XeUxuCVYWAdKSFWaETxCqd8ecIuF0xMqiZIrMD4M'),
(7, 'Jameson.Torphy17@yahoo.com', '$argon2id$v=19$m=65536,t=3,p=4$pttjqJAiHkYmi8rSdN9jTg$OBD9bYtkM27eIwOU++yD/U2RBRn9yStEmH2dbhA1amM'),
(8, 'Torey29@gmail.com', '$argon2id$v=19$m=65536,t=3,p=4$+MgIKyg1au1bY0FcpKPeQg$aUR+psaMwv3vbCb1/2UbNggUw9jYjJEzOEqFhs36x2Q'),
(9, 'Bennie_Marquardt37@hotmail.com', '$argon2id$v=19$m=65536,t=3,p=4$BZw5Q1k6P/6q5rF52Q5quQ$oKGoeqasLv1w0UX9MdURWbHxUXkD+9xcGrM/IZ4LKNU'),
(10, 'Winona12@hotmail.com', '$argon2id$v=19$m=65536,t=3,p=4$WXLxYD09JwtsMc+V+fDayQ$19/3oYOcxmFZTWZyycYPXl3mIWuRiMy6ontLz6GwqSc'),
(11, 'Danika_Cummerata@yahoo.com', '$argon2id$v=19$m=65536,t=3,p=4$a+BibxfBL0HICWEy33DGPA$SlJ2kS8GAyn2ymQyZy3MiiDkS/DkFE2mboQQRpxTNaM'),
(12, 'Ruben.Lebsack@gmail.com', '$argon2id$v=19$m=65536,t=3,p=4$KSNMrw8hfPOCl/788KuC5A$vsogwhw8i+CpMP7layD9kxppatcTWcpc+vefjHtc/YI'),
(13, 'Melody_Smitham@yahoo.com', '$argon2id$v=19$m=65536,t=3,p=4$EXQiF7FDaEz6Co+12AeRbA$rl+r/Oq/4IrlsJV2wXvZDvUBbIbDESH2Zt7N30Pt6/o'),
(14, 'Keshawn8@gmail.com', '$argon2id$v=19$m=65536,t=3,p=4$psN7mrMquYny5sQpyDlaLw$NYR+dmcQze2P0B5gjwc36MNCBJ7s6cJZEX5n/t93nmc'),
(15, 'Omari.Deckow47@yahoo.com', '$argon2id$v=19$m=65536,t=3,p=4$mrvKOLW9rQMtQ0ZHMUDi1w$W1pPlXRWQQTxBVES/B+82iOYbmbSO8A1gJBkKvngb20'),
(16, 'Meredith49@gmail.com', '$argon2id$v=19$m=65536,t=3,p=4$2LMvXHFhCQ1C83MOzi1jZQ$wYtilRwROjCqe/aHaUAYYoE8dsKUYg91hpF8n6fYgVk'),
(17, 'Irma59@hotmail.com', '$argon2id$v=19$m=65536,t=3,p=4$wXPSjz/vHv6erdngyaFG0A$ZRWHwAX+harpq65uQSP3HVZmgen8ym+yV7S4Y6qfG/o'),
(18, 'Wava59@hotmail.com', '$argon2id$v=19$m=65536,t=3,p=4$MPKuQpkk1C7RDlkxpUeKcQ$MN2kxigeUxPQKTI20JwE2Aa3WfC42uIB7CNzDp1zbPo'),
(19, 'Leif1@hotmail.com', '$argon2id$v=19$m=65536,t=3,p=4$3AQMQDYaFLq6AzPSDKCwtg$OrwFkND4gH2m6V1+mt7sudlFroW09AbOUMqQYKdq600'),
(20, 'Cordie.Brakus@yahoo.com', '$argon2id$v=19$m=65536,t=3,p=4$0cl+/OIh7oaSSY5bOZ8uzQ$e/yiXZFJDQbxRMszbvfBy0AnDTnjuu0OHRKDtEO3moA'),
(21, 'Neoma29@hotmail.com', '$argon2id$v=19$m=65536,t=3,p=4$X6YWjP1swzrQPS3hPQbySg$5833yv4cT7MejTZ065bQ24nsfZun64nGOkxCG0YTOuI'),
(22, 'Elenora2@yahoo.com', '$argon2id$v=19$m=65536,t=3,p=4$ihFXcRRmP72U1KSdQmIR2g$Qro2vMUwAUg8Q5v7ccmnPhl+bv9meMTcGMfm8hwH0YI'),
(23, 'Germaine_McClure16@gmail.com', '$argon2id$v=19$m=65536,t=3,p=4$WPUP/1viXCI7aWaheffuGg$DbdotIJQelyROZdLJkYYtmEKhrQb7sNSfWWcdXXbQp8'),
(24, 'Lue.Wiegand-Runolfsdottir8@hotmail.com', '$argon2id$v=19$m=65536,t=3,p=4$glxBfmX97T+ibDgLWU1WSA$p5UXZDVCx/Y7aVPbqeORe0g0luPuDAj4wlEuxbh0yh0'),
(25, 'Haley15@hotmail.com', '$argon2id$v=19$m=65536,t=3,p=4$caUXJIyWB+5dcnGqE6tXXA$gO5X5hjcqP297xmGbL8dF3y62QhtDLfz9+ioyvTh0J8'),
(26, 'Grace.Nolan@gmail.com', '$argon2id$v=19$m=65536,t=3,p=4$lVXkViyjYwH6CxlculmO/Q$1QZog+rqQje+w5EjpwtftowOXcfQQfDOadp8yYc7Uss'),
(27, 'Vern1@hotmail.com', '$argon2id$v=19$m=65536,t=3,p=4$5I++xcpBNtFbABRBdjCHWg$+X3f4hOu9Fn4URDGodQd2Gmx3DI0KCdDV2jYe8jVb1k'),
(28, 'Misael70@yahoo.com', '$argon2id$v=19$m=65536,t=3,p=4$04C3FaB4xQ8xVLCXaJVWLg$t7lvZ2feCPKgWMsMw1bYrtJNhFnfRCxT/gvoMBqz188'),
(29, 'Bernice_Marks@yahoo.com', '$argon2id$v=19$m=65536,t=3,p=4$uLtekQT62EDLAlnh8A/0cw$gH5sY8sXQ+lwuEBtPZ+2e14c7k8jK9sUANz1g6cogF8'),
(30, 'Jailyn2@yahoo.com', '$argon2id$v=19$m=65536,t=3,p=4$dbAaMcgtc0utyFteCwgHYA$zQM7uKyZXe3hW/3pkZWHCqb91mS/2BB9eYMZF4HF7iY'),
(31, 'Emory.Mann8@yahoo.com', '$argon2id$v=19$m=65536,t=3,p=4$OQ99SPD+SeoeRCkMFL4WJw$uSrat7QisQPF+5EOjBsXO1xq6TPKgiU6Xc8Nh1pa8D4'),
(32, 'Sammy.Hyatt@gmail.com', '$argon2id$v=19$m=65536,t=3,p=4$2dKXVsNPLe1lfLYL8xVuqg$fo7cWd1cLakC4A0jOQcbnfu3bYyEcVTm+miGg5/M+q0'),
(33, 'Joshua.Cormier55@yahoo.com', '$argon2id$v=19$m=65536,t=3,p=4$5ke5Ezcc5FW+HyzFjZ5OPA$10N3b0FNRKk42AOd2Z3cwNvXxdyEOzpL5/yddCDImOA'),
(34, 'Andreane.Gislason66@gmail.com', '$argon2id$v=19$m=65536,t=3,p=4$M8bEnXxcxJo8ldBOH7uk3A$+AGFAblO/3us4C5jpbYLVDfLp5X2oWp6yrVH7K/P8jQ'),
(35, 'Ansley.Thiel@hotmail.com', '$argon2id$v=19$m=65536,t=3,p=4$XlSF4C/SMKA5zYbnRLQ9pg$ONEXlk9jL3jthVGVnst+e69Ldts5nsQGSDHii22LKh4'),
(36, 'Francis.Pfeffer@yahoo.com', '$argon2id$v=19$m=65536,t=3,p=4$GM7v+BvPUoNS9mNlVSt/RQ$fc3C2RAXI9lGUj9T+UfDc222ZeCGg2Q46smnyPmLGMw'),
(37, 'Trudie.Harris@hotmail.com', '$argon2id$v=19$m=65536,t=3,p=4$EcwUqvejMxuDpmgal1pQ3A$KBlIT/ys1ogM4ZOyW/8/6BlXn+RjtEZF6fE6NFd10+g'),
(38, 'Jasper.Runte@gmail.com', '$argon2id$v=19$m=65536,t=3,p=4$b0BvYTo95lXVBaBcC/Kd9w$hco+ttLw+sGHoPm9FrItX4j8wRRWAcXAT3y8VBfBDuw'),
(39, 'Mekhi_Stroman24@hotmail.com', '$argon2id$v=19$m=65536,t=3,p=4$dDtqz92WBmkOQRMUHq9HIw$yPdRg2jOvk/R0OJewwvQz48nI7JspW/ihsrwLI/k6/Q'),
(40, 'Kattie_Schultz@yahoo.com', '$argon2id$v=19$m=65536,t=3,p=4$11QaSviGHBCuhjKvEi09zg$EJKHsZBgnICAkmk+Gyut6rcTdW8W2hzgasC3jlrcC9o'),
(41, 'Dianna8@gmail.com', '$argon2id$v=19$m=65536,t=3,p=4$aj8ZjZIEyfBWY7Zw9xfm5Q$8P5/YxYrKAPtXNPv9SwX1DFKueK7x6kdaW28KytNgc8'),
(42, 'Jacey_Kohler@yahoo.com', '$argon2id$v=19$m=65536,t=3,p=4$+ZEAXbE3uS00P6jG1SQxNg$Xgtwag5ufT7djveQuxfddHg6jCCOUWKH7pU3UuCUn6M'),
(43, 'Stanley37@hotmail.com', '$argon2id$v=19$m=65536,t=3,p=4$QkG0xeZ4P6C+0NndjYEcQw$AjTWJIzFVu4R7HiawMgCvD95w7yEpId229g+6Q4Jlpw'),
(44, 'Shawn.Bruen@hotmail.com', '$argon2id$v=19$m=65536,t=3,p=4$+sDGPdKKcOKgqKen6TBi7A$NIVgen7vKgY96KEHNygoMF1FnblKHj24CRnBUaoig4k'),
(45, 'Orlando.Graham@yahoo.com', '$argon2id$v=19$m=65536,t=3,p=4$Df5t4YLXKg9uaL3VYvGl2g$9s4255m/hRgu7o9AUjeqH7JjGx1r8ulzyQ2TIwQiXlI'),
(46, 'Valentine49@gmail.com', '$argon2id$v=19$m=65536,t=3,p=4$/DvvWSHghWlOZcy4Wszqvg$6i3ZtfW8/0n1g7wmQivAOpCQ+rtUKygqFby0jNiDsh4'),
(47, 'Eleanore_Hamill@gmail.com', '$argon2id$v=19$m=65536,t=3,p=4$CJEy93TR+XjS9flnSVpaXw$esFSbycqIaJ4qrfFWE1QKzYAwDEOPR06CzgBve0reeM'),
(48, 'Noemie.Padberg@yahoo.com', '$argon2id$v=19$m=65536,t=3,p=4$whX5Exyi1grCM3E9jfiknA$YiWMscPZlJJTYekmdwpBapbTmmlMrwsBHZVoj90Hc8g'),
(49, 'Edgar57@yahoo.com', '$argon2id$v=19$m=65536,t=3,p=4$OB68uAZrqJTYUFUXfDJkPQ$cWh8m73eLa9rFYQlxt7cFE9xr7OlfmC6QzEerKMelnM'),
(50, 'Frederic.Tillman@hotmail.com', '$argon2id$v=19$m=65536,t=3,p=4$nE80RUMaZHS0rcM1XimFmQ$7cbC4jsdvVVb0QTpcFbv02++G+ZVXqUHqy7/e2vQJu0');

-- --------------------------------------------------------

--
-- Table structure for table `attachments`
--

CREATE TABLE `attachments` (
  `id` int(11) NOT NULL,
  `name` text NOT NULL,
  `alttext` text DEFAULT NULL,
  `uploaderId` int(11) NOT NULL
) ENGINE=InnoDB DEFAULT CHARSET=utf8mb4 COLLATE=utf8mb4_general_ci;

-- --------------------------------------------------------

--
-- Table structure for table `postattachments`
--

CREATE TABLE `postattachments` (
  `id` int(11) NOT NULL,
  `postId` int(11) NOT NULL,
  `attachmentId` int(11) NOT NULL
) ENGINE=InnoDB DEFAULT CHARSET=utf8mb4 COLLATE=utf8mb4_general_ci;

-- --------------------------------------------------------

--
-- Table structure for table `posts`
--

CREATE TABLE `posts` (
  `id` int(11) NOT NULL,
  `threadId` int(11) NOT NULL,
  `authorId` int(11) NOT NULL,
  `content` text NOT NULL,
  `createdAt` timestamp NOT NULL DEFAULT current_timestamp() ON UPDATE current_timestamp()
) ENGINE=InnoDB DEFAULT CHARSET=utf8mb4 COLLATE=utf8mb4_bin;

--
-- Dumping data for table `posts`
--

INSERT INTO `posts` (`id`, `threadId`, `authorId`, `content`, `createdAt`) VALUES
(1, 1, 7, 'Capto sopor audentia acceptus infit crapula anser. Decimus cupiditas cena cupressus vulgaris decerno maxime conatus quo. Clementia illo capitulus votum crastinus aut ciminatio.\nSolum temperantia sumptus turpis cupio excepturi asper stipes. Virga cunctatio valens amiculum correptius quam complectus confugo depromo. Textus concedo adhaero paulatim solitudo animadverto cubicularis.\nVolaticus tantum vesco anser studio vicinus. Corrumpo versus uxor asperiores arcus adhaero theca tolero. Summopere utor itaque laboriosam causa tubineus utpote ventus corrumpo voveo.\nDeporto attollo sodalitas usque. Taedium tripudio aveho stultus cur canto ad quos. Demonstro vox aperiam ante videlicet arguo chirographum beatae.\nArchitecto convoco amita canis stabilis. Alter casus viriliter vis clam. Vivo denego viriliter est tandem bardus voluptate dolorem labore.', '2024-12-15 14:41:42'),
(2, 2, 27, 'Somniculosus coadunatio aegrus terebro strues. Tardus utrum tolero communis commodo sustineo suffoco adduco cicuta auditor. Umerus defluo corroboro.\nDedecor dolorem cena textus velut alius ambulo velut solutio cilicium. Audio aestus depereo spero adeptio tersus a urbs appello. Vehemens supra eveniet bene inflammatio deludo crebro amplitudo.\nInfit totus considero theatrum corrupti eum temeritas rem amor summopere. Stipes amor aestus quas abbas alius. Considero accendo sit tabesco incidunt allatus currus deorsum voluptate.\nAllatus absum odit comptus adinventitias utrimque tardus absum. Textor voluptatibus acidus ocer depromo creo thorax omnis. Vetus utrimque deinde.\nUltra cerno adipisci terminatio trado xiphias. Caute terga atrocitas temporibus cohaero custodia qui cattus explicabo. Vester caveo votum solium desino testimonium ara debeo creptio vulgivagus.', '2024-12-15 14:41:42'),
(3, 3, 40, 'Ceno tamen vinitor unde. Volaticus coaegresco conitor. Varius tamquam avarus vae certe temperantia volubilis cedo.\nTertius tonsor votum copiose basium beneficium. Dedico antepono autem arx auctus conturbo acervus peior summa tamisium. Tabernus dolorem apud atavus administratio caecus.\nSumo curriculum aperio. Velut celebrer nostrum voluptate comptus vester perspiciatis asper tres turpis. Demonstro a cui amita temporibus ater.\nEa vos theca deludo certe atque inflammatio avaritia ademptio adhaero. Depraedor tandem talis credo universe. Voluntarius advenio aer conservo cornu.\nArtificiose blandior praesentium pecto. Claustrum tactus terminatio utroque pecto caute terreo absconditus bardus. Atqui odit terminatio cognatus reprehenderit vilis trans asperiores sollicito.', '2024-12-15 14:41:42'),
(4, 4, 28, 'Aetas conspergo unde abstergo clarus defetiscor vulgo. Vitium claro vae cimentarius color tonsor carcer celebrer communis vesper. Vae sublime vito causa doloribus cohibeo ter ait verumtamen nobis.\nCilicium vero vel sum ago aggredior cunctatio. Tabgo acies summa absorbeo molestias tyrannus. Astrum utique quibusdam.\nQuos caries accusamus quia adiuvo. Adnuo terror vitiosus conitor corrupti. Textilis viridis tersus dens tripudio canonicus urbs.\nCui cras caveo tametsi corporis vitae. Contego tepesco ancilla veritas careo doloremque absconditus nesciunt contra adulescens. Tibi adstringo ultio.\nUsque voluptatibus desparatus alioqui esse. Sollers suppellex perspiciatis tego accommodo beneficium caritas deprimo suasoria torqueo. Decerno vado officia.', '2024-12-15 14:41:42'),
(5, 5, 12, 'Tricesimus advoco paens demo. Supplanto texo coma. Votum tergiversatio calamitas depromo desino coruscus.\nSocius amita demum uredo. Trepide xiphias decerno suffoco amplexus sol cras demergo. Asper porro corporis.\nCertus fugit ocer torqueo. Qui thesis curso defungo cenaculum chirographum. Voluptates crustulum impedit bis stultus currus.\nEum cibus totidem tergum. Demum vae eveniet aestus civis deduco valeo hic vapulus ultra. Aestus modi curo deduco ager cornu tolero uredo vespillo verbera.\nCongregatio accommodo adiuvo tametsi careo charisma aestas. Audio verto agnitio curiositas. Ut aspernatur abundans illum magnam ventosus vito necessitatibus deinde clam.', '2024-12-15 14:41:42'),
(6, 6, 34, 'Vociferor acer quis universe amoveo cattus. Officiis accommodo antea vae. Caute depono barba utique.\nAlii cariosus adipiscor. Armarium communis viscus corrupti adulatio tandem arguo speculum varietas. Coniuratio aestivus vester tamdiu suadeo quas curto curiositas.\nApud sulum adflicto solium. Vulticulus tutis amplitudo absorbeo crudelis decens sonitus venustas sustineo. Ascit audax decens.\nFuga omnis ater vinculum solvo defungo vespillo. Aer spes tollo vulgo viriliter aranea. Est vobis bos adamo vorax tabernus capio dicta.\nVelut demo territo voluptatem dolore sol succurro. Adopto ocer vesco cogo solitudo rerum urbanus terga velociter soleo. Creo campana cuppedia admitto toties comptus.', '2024-12-15 14:41:42'),
(7, 7, 36, 'Cibo taceo aequitas crustulum illum. Soluta arceo cumque vestigium coma. Ab defleo defluo thymbra perferendis.\nEius ascit unde tribuo temeritas absorbeo blanditiis earum utrum viduo. Degenero alii ara. Capto voro inflammatio talis sub carcer.\nConiuratio paens vesica bene tempore curo ambitus. Cunabula comburo auctus ipsum cogo. Suppono totidem solvo aiunt.\nAduro subvenio deleo subvenio quibusdam alienus depulso adamo sufficio agnitio. Demum blandior verecundia. Adversus apparatus ars cenaculum casso vulgus cibus quia adfectus.\nDefessus cervus tenus attonbitus. Accommodo deficio iste acies vinum surgo solum itaque. Cumque triduana aestivus abstergo trans spargo rerum stipes.', '2024-12-15 14:41:42'),
(8, 8, 39, 'Tripudio subiungo clibanus veritas. Claro vomer debeo totidem. Nihil dicta sursum aequitas paens magni tenetur.\nAppono alienus spes teneo sollers adfectus vindico occaecati. Dolore aegrotatio quibusdam concedo. Aggredior admiratio aequitas dedico decerno spoliatio.\nApparatus cavus alienus advenio animi. Ciminatio adimpleo videlicet turbo coadunatio theatrum venio ater. Desolo summopere spes bis universe.\nCum confugo communis chirographum totus voluptates caterva thymbra talis tot. Vinum sumo torqueo utique vorax quas. Deripio tres demitto aequitas tenetur cunabula conqueror vulnus terminatio.\nArcesso trepide averto est tempora spiritus curtus cras denego. Tot caste distinctio vulnus audax. Excepturi blandior cribro trado quos auctus verus.', '2024-12-15 14:41:42'),
(9, 9, 20, 'Spero vitium debitis casus cibus. Adiuvo tero terreo vapulus tabesco aperte trucido. At aduro curto viscus.\nAut tricesimus cariosus carus vespillo absens. Illum conscendo crudelis tenetur teneo coadunatio. Demitto admoneo conspergo depraedor.\nSupplanto sub deporto. Vero deporto aperte adfero vix caveo communis curis textus adulescens. Soleo derideo allatus pax tripudio thymbra decumbo.\nAt cognomen cuius abundans sit illum. Explicabo arcesso antepono fugiat sint optio suffoco charisma. Conspergo confugo varietas acies voluptate urbanus optio.\nSopor arcus atavus virgo amet vero. Virgo vita theatrum viridis statua. Solvo atavus verus aeneus circumvenio paulatim porro.', '2024-12-15 14:41:42'),
(10, 10, 35, 'Cur summa cultura viriliter victus adulatio conturbo beatus aestus reiciendis. Urbs umerus culpo vox deorsum. Xiphias thymum urbs ascisco callide corroboro congregatio ullus terror vivo.\nTimor voluptatem voluptas vos. Deinde curso subnecto. Veritatis denego viduo quod deprecator argumentum cresco.\nCarcer cum aperio absque bellicus tui turpis bene. Curtus umerus copia utique delibero ver clam. Vita demoror solvo vere crepusculum aestivus volup necessitatibus testimonium.\nPorro unde amplitudo. Casso atrocitas denique aperiam autus denuo assentator quibusdam. Clarus currus capillus decimus recusandae vinculum.\nCrur tego cetera tergo necessitatibus pauper. Suffragium creta tum adipiscor absens. Amissio celo agnitio harum adulescens amita aegrus adsum velum.', '2024-12-15 14:41:42'),
(11, 11, 25, 'Conculco temeritas aurum curo creo vicinus tamen sopor beneficium curia. Est decretum ancilla adimpleo credo dedecor soleo stillicidium. Nemo ademptio ultra volaticus.\nConfido vigor coepi voluptas. Qui virtus video conscendo candidus aer velum thesis. Caute supellex conturbo denique dapifer tot.\nQuia umquam demoror teneo voveo tutis ceno amo talus sperno. Antea tamdiu textus usitas. Sui comptus inflammatio umbra.\nVoluptates amo labore curso excepturi vestrum defungo tutamen comminor. Ullam defetiscor quidem. Nisi ut toties advenio abduco cuppedia cura corrumpo cinis benevolentia.\nToties tubineus tamdiu voluptas alienus currus a turba angustus arto. Dolores textilis caste textilis altus succurro aperio ipsam optio. Vigor crustulum suus vobis denuo assumenda desino temptatio.', '2024-12-15 14:41:42'),
(12, 12, 42, 'Aspernatur vilicus tracto veritatis hic est ascit volup sub. Quos atrox aegrus vis tantillus suffoco spargo. Cuius absconditus urbanus basium abscido abduco coruscus delego copiose canonicus.\nAspicio certus valetudo defessus corona. Vulticulus textor aliqua dapifer cotidie ater. Atrox somniculosus ater sursum absque teneo corrigo sublime.\nDeleo ambulo capto arguo aperiam tertius creber attero. Cubo infit corroboro argumentum blandior adhuc ut clementia tenax. Vitium tergum aurum adsidue pecto carus arbitro credo cena coniuratio.\nAuxilium similique fuga. Deinde tibi debeo. Damnatio creta pectus atqui argumentum totidem tergiversatio argentum coruscus aureus.\nFugit cunabula derelinquo concedo velociter utrimque arcus degero spes cubitum. Stabilis debeo defero abutor aro assentator vereor. Aspicio cumque corrupti arbitro adicio nesciunt capto.', '2024-12-15 14:41:42'),
(13, 13, 10, 'Laboriosam commodi articulus ab. Hic carbo caries. Dignissimos corpus ver auditor agnitio creta attero.\nCompono cado eos strues vulgus solvo bardus conturbo pectus. Audentia sonitus somniculosus triduana. Viduo supra ab theatrum cupiditas officia communis conventus aliqua crur.\nNisi tamisium cariosus. Tolero valeo timor terra sopor tabernus apostolus trucido adimpleo coma. Adimpleo sodalitas benigne carmen strues talis accedo thorax sponte.\nAdsuesco statim tabgo sono. Pauper dedecor tui adicio caelum vulpes tenuis cui. Repellendus angustus cohaero sodalitas aestus.\nAttonbitus cum sublime. Aureus antepono decumbo truculenter conventus absum patria vulnus demo. Appositus voluptas alienus error vesica coadunatio arto desino cervus.', '2024-12-15 14:41:42'),
(14, 14, 37, 'Aliqua arx absens corroboro. Vulgus volaticus armarium aperiam comis calcar dolorum cunabula benigne maxime. Comitatus adeptio spes.\nCaveo spes summisse creber vox depopulo charisma. Confero supplanto cunabula repellendus aliqua cilicium caecus tabesco. Cattus cernuus villa.\nSolutio demoror peior itaque casus aedificium ullam. Laboriosam apud deludo curriculum centum cauda quas theatrum eos. Virga facilis cognomen delego vergo tolero vigor cotidie adipisci.\nEst delibero vester apud defero temptatio. Abduco venustas calco. Cupressus ara consequuntur degusto aegrus vinculum coma confugo.\nCasso succedo asporto. Approbo vero temeritas aiunt. Vicissitudo coma subito creber artificiose.', '2024-12-15 14:41:42'),
(15, 15, 41, 'Taceo enim sufficio. Triduana aspernatur atqui vigilo vulticulus damno quasi. Theatrum tabella consuasor pel creator.\nVentosus testimonium voluptas adstringo ab reiciendis summisse depromo ad adinventitias. Carmen curto cibo odit exercitationem tubineus possimus super adsidue decor. Sol abutor thalassinus.\nComparo defetiscor timidus. Assumenda cum argumentum possimus acsi civis sufficio bos admiratio. Verbera super vulticulus exercitationem.\nAdulatio cruciamentum trans numquam curtus dolore vereor. Catena conscendo alveus odio considero ipsam architecto virga nesciunt vilis. Supplanto tenus nulla carpo auctor arguo.\nDenuncio sunt angulus cariosus torrens via. Adhaero tonsor absorbeo arbor. Coma aestivus terreo temptatio annus reiciendis vallum aureus.', '2024-12-15 14:41:42'),
(16, 16, 30, 'Excepturi candidus spero usque. Caecus derideo vulgivagus aperte stella caute commodi cohibeo atrox amita. Argumentum dolorem succurro eius explicabo victoria aut.\nCarcer hic collum aestivus templum vigilo. Suscipit benigne aetas cursus animi spiculum demergo asporto spoliatio. Campana tantillus claudeo.\nArgumentum damnatio surculus teres supra vox tempora amplus arbor ciminatio. Vallum tactus ipsa ullam taceo ultio. Tactus verto vigilo.\nNisi collum terror sumptus corrupti. Acer compello neque venio tollo quod unde. Vinum suscipit convoco alias subseco venustas ipsa coepi usitas validus.\nVolaticus neque totam crux studio urbanus cedo crudelis. Argumentum sumo venustas sublime conduco ventito succedo pecto conor curriculum. Cernuus campana bellicus statim cruciamentum.', '2024-12-15 14:41:42'),
(17, 17, 6, 'Succedo vester taedium cuppedia pariatur condico demoror conicio. Aliqua ipsum averto victoria nemo ipsum. Vallum apparatus alius vulnus accusamus ex vociferor necessitatibus cinis pecus.\nAlias solutio usitas deripio. Statua conforto tui demulceo capto volubilis ager despecto sufficio appositus. Carcer caelum alioqui delinquo admoveo venustas.\nQuibusdam spargo vallum corrumpo conturbo volubilis truculenter sit tibi possimus. Admoneo aliquam vehemens. Dapifer aedificium deduco desino trans.\nThema turbo antepono adsidue vulticulus denique maxime. Absens stella tui aptus vitiosus somniculosus clarus conatus crinis. Utrum error tametsi cibus.\nAddo cursim paens aeger sequi casus odio. Cruciamentum suspendo coerceo vigor tabella ea corona magnam. Cupio stillicidium defluo capitulus.', '2024-12-15 14:41:42'),
(18, 18, 2, 'Creo voluptatem audacia abstergo numquam vallum talio. Balbus amo excepturi supplanto. Audacia currus magni demulceo adiuvo.\nTraho velociter caries teres voco creber sophismata cilicium dolor paulatim. Dapifer eveniet tenax praesentium corporis depereo tabula. Strenuus quasi repellendus caelestis.\nVolva sumptus quidem. Deleo delicate damnatio tergum vallum minus confero caute conservo. Peccatus corporis suggero coniuratio decor sono umbra.\nDolore una vaco. Asporto nobis vere. Cito tepesco vaco curvo ait aufero bellum.\nThorax soluta impedit demo talio cibus tamdiu vacuus ubi. Vitium admoneo utique caute texo capillus. Praesentium stillicidium argentum acies eaque.', '2024-12-15 14:41:42'),
(19, 19, 16, 'Suppono turba confero numquam vicissitudo voveo canonicus confero vulgus tempore. Dolore paens capillus acies necessitatibus coniuratio animi. Tabgo provident quibusdam aegre sub centum.\nSufficio peccatus currus surgo vilicus blandior veritatis textus demo. Ver ad qui cognomen libero. Ciminatio illum aureus decor teneo comitatus summa animi vilitas.\nIste spes aeneus. Campana cohaero annus velum amplexus catena cohaero ocer amita. Caritas brevis vel amicitia deorsum credo.\nAgo creta cohibeo cattus. Attonbitus harum aqua vilitas validus torrens ut una. Acceptus umerus admitto temperantia vulgo depraedor corona anser.\nCorporis annus volva tam. Tempus curvo in. Virtus pauper usque vorax admoneo.', '2024-12-15 14:41:42'),
(20, 20, 48, 'Conqueror sumptus ulterius admoveo complectus thorax magnam abduco terminatio conor. Pecus dedico clarus defero. Accommodo alter arbitro.\nAd currus minima. Tondeo voluntarius tabesco patruus ventito calamitas vulpes tres utilis. Amplitudo audentia praesentium sint suus minus asporto.\nNatus canto animi ab supra tabernus. Vito adulescens verbera ater molestiae. Sublime talus concido tum vicissitudo sopor repellendus abbas angulus cultellus.\nUna acer causa attonbitus appono curtus pauci. Crustulum aggredior suspendo defetiscor auditor. Demum aspicio tutamen aequitas degusto collum adficio.\nArbustum conculco caterva atrocitas corrumpo spectaculum cimentarius cruciamentum acceptus amicitia. Curtus teres decimus solus confero. Deficio vado ipsum advoco blandior antiquus.', '2024-12-15 14:41:42'),
(21, 21, 35, 'Turbo crustulum auctor cilicium causa decimus tempore tempora cotidie benevolentia. Absconditus crebro nam. Tui taceo strues vorago vomito comedo cinis pariatur arceo repellat.\nTheologus canto demonstro claro uredo casus cohibeo vulgo antepono. Vicinus autem uxor laboriosam venustas praesentium temeritas admitto adipiscor. Ver cicuta quibusdam vester.\nOfficiis vulticulus tristis aeternus admiratio compello defero thymbra spiculum. Una voluptas ipsum alo suffragium advenio. Verus pauci rem confugo crinis quasi.\nVilla commemoro speculum admoneo amplitudo. Crastinus voluptate cenaculum xiphias cogito vito adulescens eligendi. Attonbitus similique ocer soluta curatio territo vix tutamen.\nDeorsum amaritudo amet subseco considero thalassinus comitatus. Comburo sumptus absorbeo testimonium voluptatum. Aeger avarus desolo bardus calamitas.', '2024-12-15 14:41:42'),
(22, 22, 16, 'Triumphus thorax apparatus autus cuius coerceo. Votum agnosco demergo tempus deserunt. Sumo necessitatibus brevis quo communis brevis canis.\nDemonstro umquam arbustum acervus angulus dignissimos sufficio bos. Thesaurus tribuo textilis verbum theca. Carbo caute pecus.\nDefessus audax aegrus despecto. Bis volva copia temporibus virtus caries defluo. Tempora reiciendis terebro defluo torqueo aestus admoveo tamen quaerat vespillo.\nCarmen sublime doloribus crapula argentum vulgivagus succurro sufficio esse ter. Auxilium porro suadeo. Tactus vespillo auctus magnam.\nCognomen aranea natus vulnus maxime velum in solvo sit. Amissio amitto amet vita suspendo. Administratio aut votum talio bibo.', '2024-12-15 14:41:42'),
(23, 23, 32, 'Eius attonbitus civis quis. Complectus articulus tremo arx casus. Basium ipsam defetiscor.\nTextilis consequuntur uxor cunae impedit aestivus blandior alo. Censura sono defero bestia dedico. Colligo deleniti arbor benigne nisi eveniet assentator.\nVolutabrum vulgus suasoria sustineo apud culpo synagoga aqua utrimque. Concedo ventosus calamitas virga vereor solus utique usque suadeo contigo. Veniam conduco saepe theatrum talio.\nAstrum tenax aiunt adflicto uberrime tepidus caute tergo asperiores officiis. Autem velit balbus una bellicus cumque. Reprehenderit suasoria cado molestias degero abbas admitto supellex adsum.\nAmita suscipio aveho conturbo quo. Barba annus avaritia decipio quaerat fuga. Carmen fugit quos spiculum labore deserunt admoveo uberrime vester.', '2024-12-15 14:41:42'),
(24, 24, 43, 'Ultra speculum tibi solio tametsi. Conor amplexus defluo torrens comes ad uterque. Curis error constans patruus turbo atrox absorbeo.\nDeputo adsum terga vacuus debeo textilis volaticus tres deludo dapifer. Atqui aspernatur armarium alienus canonicus quod supplanto cerno. Terra natus vapulus tenus aliquam caritas carpo adimpleo.\nDolor condico tantum. Solio aggredior tolero cunabula modi. Cubitum corrigo amissio altus summopere.\nAdicio ascisco vindico casus. Commemoro cibus admiratio pecco cupiditate timor texo. Curiositas repellat quos speciosus turpis beatus sumptus adfectus.\nSoleo curtus derelinquo excepturi. Cariosus totam cornu non antepono adeo curo demoror tener. Comprehendo alter ciminatio suppono sordeo contabesco.', '2024-12-15 14:41:42'),
(25, 25, 7, 'Ait benevolentia consectetur adicio cogito truculenter. Verbum umbra conitor curtus sol. Vorax harum vesica ventito calamitas.\nCognatus sopor viduo aduro abbas tergiversatio. Amoveo degenero culpo ocer. Dapifer vel averto contabesco.\nVolva antiquus qui aestivus repellat. Depulso enim ulciscor comedo calculus consequatur stabilis. Adsum quibusdam victoria.\nBlandior cernuus adflicto ara thymbra vesco suffoco condico degero absconditus. Curis libero quaerat curia. Aedificium incidunt totidem vorax.\nAuctor solitudo depopulo comis. Varius tempus accusamus. Turbo constans virga vis.', '2024-12-15 14:41:42'),
(26, 26, 12, 'Artificiose unus balbus tabesco. Stella talis aliquid ciminatio spoliatio aestus corporis demergo victus utilis. Thalassinus porro certus at voluptatibus dicta vehemens fugiat.\nAedificium teres peccatus. Calcar animadverto abbas claro beatus ullus collum. Est acer adnuo usitas voluptatibus ater iusto cogito.\nDefendo quasi stips dignissimos utrum ager velum thesis truculenter studio. Sint quos ascisco. Cresco doloribus adulescens.\nIure ulciscor sponte. Adnuo catena accusator coniuratio caelestis tero. Reiciendis ulterius aperte.\nAro sumo defessus bellicus dolorum suffoco utroque eos patior adnuo. Vacuus cognatus cur acidus defluo spero laudantium. Cervus stabilis carcer.', '2024-12-15 14:41:42'),
(27, 27, 6, 'Amitto cultura vapulus chirographum compono torqueo. Aliquam cimentarius taedium verecundia. Minus approbo tumultus tondeo cumque abundans arbustum.\nSolvo tactus necessitatibus volva sortitus unus attero vinculum beatae. Deprimo veniam carpo amet cumque sursum condico sulum. Cubo voro combibo virgo despecto attonbitus vis possimus cogito.\nDoloribus ipsa comburo deorsum universe admitto sequi creber. Solio mollitia defetiscor uter centum pel aptus comprehendo stultus. Deporto taceo clementia vilitas arcesso tricesimus doloremque ipsa inflammatio tabesco.\nAdnuo rem tamdiu. Tergeo tabgo tristis aequitas compono attero conservo basium decens. Aperiam accommodo expedita cuius articulus.\nDepopulo viscus excepturi in adsuesco. Conduco ultra demo vetus cibo eos viriliter. Quidem tum unde comminor vilis caritas allatus ratione nisi.', '2024-12-15 14:41:42'),
(28, 28, 15, 'Praesentium valde uberrime tenuis patrocinor capillus cibo cognomen. Adfero comitatus contabesco valde deinde reiciendis combibo abduco tempore. Excepturi urbanus artificiose uterque carmen deleniti desipio tredecim defungo.\nAvaritia creptio civis suus subvenio spes. Vetus atavus spiculum vulgaris verecundia fuga votum sto sapiente. Absconditus labore caritas volo porro supplanto tempus clementia atavus.\nAdaugeo arcus utroque victus curatio deinde defero cum. Theca cariosus demitto ager verbera adsum ambulo. Carcer corrupti odit clam qui claudeo virgo titulus tabernus.\nConcido consuasor tristis barba. Aliquid careo succedo nam. Caste cauda paulatim pauci attollo.\nCrux iste repudiandae aegrus. Curo sed repellendus avaritia. Magnam enim abeo vilitas terra.', '2024-12-15 14:41:42'),
(29, 29, 14, 'Adsum caelum aestas certus fuga cohors vobis aqua quos. Aeternus debeo torrens censura civitas cattus voluptatem. Apto cuppedia molestias sordeo aro bene comburo correptius barba.\nAnser decet ara patruus celo vulgo corrupti taedium deficio. Aer accusamus tantillus laudantium comparo antea. Ea vulgo colo atrocitas adaugeo.\nAgnosco stella conservo capillus tyrannus suppono accendo. Stella defessus decimus deporto absconditus sint umerus despecto. Vos debeo vesper curia valetudo tego aro capio.\nAmbitus canis ubi. Angulus civis arca commodi conor sapiente terreo cunabula blanditiis. Enim voluptates adeo acidus solium sollers illum artificiose sponte.\nUter derideo apostolus. Atque eligendi varietas. Paens ubi et cedo administratio convoco.', '2024-12-15 14:41:42'),
(30, 30, 37, 'Venustas cumque architecto bestia amet crustulum triumphus tristis. Charisma voluptas cubicularis. Velut eveniet adinventitias cubitum circumvenio alioqui distinctio aufero absum vir.\nDefleo vomer abutor fugit ventus verbum. Adflicto abduco mollitia collum porro statua apostolus cruciamentum audio. Theca ater eum.\nTactus altus viridis odio civitas. Cernuus cenaculum subnecto. Deripio aetas vergo.\nVivo illo tardus vado cito umquam. Minus non quisquam impedit cito comis. Omnis repudiandae abutor eveniet aufero cinis tertius verus.\nTonsor suggero sursum caritas depereo verumtamen caput condico deporto assumenda. Crastinus clam synagoga comitatus aiunt deporto socius conduco quisquam appono. Decor volva campana abbas damno beatus thymum tabula quibusdam.', '2024-12-15 14:41:42'),
(31, 31, 24, 'Tripudio bestia advoco strues nostrum vulpes sortitus tui. Aggredior corrumpo apparatus depulso adsidue comis. Candidus calculus utpote acquiro atrocitas ars ex desipio balbus.\nNeque dolorem testimonium cito repudiandae adaugeo considero arbor venustas eos. Vel corrigo absconditus veniam cibus excepturi. Defungo thymum voluntarius amitto cribro consequuntur averto cervus.\nAsporto verbera tunc sequi agnosco valens subito venia. Conservo tubineus adipisci caecus accedo calcar cicuta denuo verto. Spectaculum comis turbo officiis antiquus armarium similique debeo.\nSumptus quae temeritas venia aranea calculus vigilo maiores tersus. Strues alo congregatio tunc viscus surgo. Barba contigo claro bonus cunabula.\nDolores optio supra hic timor sum uter. Cura nostrum suffragium verecundia. Laboriosam aliqua natus similique ara cometes textor.', '2024-12-15 14:41:42'),
(32, 32, 11, 'Thema ultra dignissimos armarium. Claro comburo coerceo. Clibanus tum placeat.\nTerror cernuus adversus iusto cado toties. Cimentarius creo deprecator vulgo curatio. Careo arguo vergo quisquam aveho suadeo comitatus.\nAmbitus inflammatio ut. Vesco vado ater. Artificiose aequitas civitas vorago.\nAudacia laborum vester una unus creta voluptatem theatrum blandior. Quod vorax aedificium sono convoco articulus. Denego paens quidem adsidue collum saepe tremo iste temperantia aduro.\nNulla antepono utrum. Templum necessitatibus cultura aranea universe tumultus debitis spectaculum qui atque. Et acquiro synagoga curtus tempus conspergo in clamo acerbitas complectus.', '2024-12-15 14:41:42'),
(33, 33, 27, 'Avarus subnecto canis strues commodi similique combibo aestas iure. Adficio abstergo curo. Amissio ceno vulticulus.\nAmaritudo subito a tyrannus admoveo speculum. Cornu at arx acerbitas audio damno utique cognomen bis tantum. Crastinus sol caute accommodo.\nAegrus facilis expedita absque adversus audeo capitulus solio celebrer. Ultra attero accendo adeo verto subvenio agnosco decens inflammatio subnecto. Adhaero validus id accusantium decerno.\nUxor varius utpote vilicus. Suffoco voveo demens volo thorax cimentarius tubineus. Autus dedico adsuesco.\nDecumbo utrimque perferendis acceptus. Cumque arcus earum subvenio. Vix amo candidus crapula antepono audio delicate.', '2024-12-15 14:41:42'),
(34, 34, 12, 'Cicuta cernuus civis. Astrum decipio veritatis votum maxime canis quisquam. Decipio dolore calamitas aptus.\nSapiente talio creo tero cohors ventito. Denuo crur amaritudo voluptas viriliter. Defluo angelus vestrum avaritia.\nCrustulum turba voluptatum. Inventore quia congregatio adeo casso patior. Vito careo armarium dedecor tabesco.\nUmerus repellat pauper solum copiose artificiose tredecim deripio. Deserunt a antiquus acies aut tertius. Catena adulescens minima.\nOdit cenaculum vallum spectaculum cavus accendo causa debitis celebrer. Deserunt comedo vinculum adinventitias. Caute advenio statim alii colo patria conscendo sulum patrocinor audax.', '2024-12-15 14:41:42'),
(35, 35, 19, 'Amitto despecto patrocinor cruciamentum magni volup dapifer cuius advenio circumvenio. Terebro blandior currus explicabo terreo auditor creber aegrotatio. Tabula deputo nostrum adaugeo advenio aestus bonus nemo.\nDemergo adeptio quos caelestis ipsa vestrum suffoco voco. Demergo amicitia cicuta cuius natus aedificium volubilis. Repellat terra xiphias.\nClamo depraedor ver. Trado coepi suus aegre tum vinculum conicio. Conventus esse damnatio tot distinctio suadeo volutabrum capto articulus.\nAlii consequatur sono. Clam ultra eum taedium viridis decretum tribuo antiquus conculco. Condico animadverto supra vero eum auctor repellat.\nVicissitudo administratio capillus. Dolor tenus animadverto quis conservo. Delego patior clamo volutabrum tyrannus coerceo ad.', '2024-12-15 14:41:42'),
(36, 36, 43, 'Exercitationem aranea tenax confugo thorax tripudio demoror arto. Convoco cornu aufero coepi nostrum virga pecus in. Dignissimos amplus quia clamo cresco nisi nam curto.\nSonitus cedo cernuus vel tergum tunc cogito arx. Cruentus tremo adopto acidus voluptatibus hic deporto sumo. Volutabrum denuncio commodi convoco sub enim similique cilicium conculco carbo.\nAdulescens id tondeo tabella vulnus vorago tergiversatio amo adipiscor. Uterque cresco cibus. Aperio vinum theatrum.\nCinis universe admitto cariosus magni cinis sponte ventito patior omnis. Numquam sperno cupio defessus defleo usitas atrocitas desidero comminor custodia. Accusator vulpes caritas conforto cunctatio contra nisi.\nArto admiratio bene abutor verto odit. Accusator solvo benigne synagoga. Vinculum aggero aro.', '2024-12-15 14:41:42'),
(37, 37, 49, 'Valde bis aurum modi cui. Alveus volva cavus cuius. Distinctio convoco carpo sulum.\nAegrus valetudo rerum. Turba tutamen absum conservo adamo. Quaerat vilis turba.\nSubito confero delibero. Considero veritatis casso derideo vel sustineo argentum defaeco. Speculum iure desipio adfero uberrime concedo.\nConfugo testimonium amicitia aequus commodo cubitum volaticus temperantia iusto cursim. Vinco supplanto conor crudelis. Texo ascit aetas minus.\nAdopto adhuc unus. Contigo convoco defero amplitudo. Substantia cibus voro cimentarius defungo vos.', '2024-12-15 14:41:42'),
(38, 38, 5, 'Delectatio mollitia tergo deprecator creber adficio statim thymum auditor crinis. Victus statua adsuesco. Auctor ceno vomica tergum caput tenuis ambulo adulescens.\nAutem tempore natus attero. Spoliatio amita summopere. Aspernatur conturbo aequitas.\nAter patior autem cena beatae curvo tubineus asper consequatur. Spoliatio valetudo basium aggredior delectatio. Conitor cattus aurum.\nCongregatio eligendi audentia artificiose consuasor tenax. Crux viduo totus corrumpo adfero desolo sono tutis quo. Patria stabilis vesco temporibus autus caries exercitationem.\nConvoco expedita sulum decerno corrumpo ventus. Advoco ago auctus. Colligo delego dolorum vetus terra uberrime temeritas cubitum totam socius.', '2024-12-15 14:41:42'),
(39, 39, 40, 'Coniuratio vitae spectaculum dedecor depulso decens vehemens conicio cum totam. Callide quos celebrer sordeo apud suscipit cupiditas carcer curia vulpes. Admitto vulgo id quam centum.\nAlioqui usus averto utilis suasoria compono. Vobis dolores tepesco supra vetus civis tego delicate torrens. Tum dolorem tracto aureus tamdiu rerum.\nClam conitor tam. Cinis tamdiu creber veritas uterque auctus. Combibo temporibus vulgaris spectaculum.\nCarcer tutis commemoro delego odio vulgaris ratione. Tero vulticulus ago pecco vesper cena cernuus valetudo carus ulciscor. Curvo degero sumptus dicta valde degusto.\nConfero enim usque aqua clamo tendo verbera ullus amor triduana. Voluntarius torrens carcer cursus advoco video viduo eligendi. Qui peior aiunt dolorum tener.', '2024-12-15 14:41:42'),
(40, 40, 17, 'Comis neque ait adsum. Nobis despecto vorago villa apud vilitas argentum tergeo color sunt. Administratio conservo brevis arceo tubineus argumentum cimentarius pariatur aliqua.\nAspernatur amplitudo ullus. Benigne decor suscipit aduro verecundia cometes. Cura coniecto sono.\nTergeo surgo acerbitas vis iste vulariter caries adinventitias censura. Cena ventus depopulo custodia. Vicissitudo tunc excepturi agnosco strues calco solio.\nInventore bellicus adulatio. Distinctio truculenter assentator varietas maxime demoror vorago vicissitudo sortitus cupio. Maiores cruentus aeneus nihil suscipio administratio.\nPorro tempus alter crudelis triduana. Combibo cerno spes aurum aggero. Suspendo maxime averto deputo.', '2024-12-15 14:41:42'),
(41, 41, 28, 'Acquiro claudeo tepidus. Aegrus aspicio admitto collum. Cultellus tonsor annus dedico tolero pauper.\nMaxime deorsum valetudo adeo vobis demo animi vicissitudo demens tactus. Supplanto carmen asperiores terga. Amiculum aiunt confido deduco suasoria vilitas aegrus placeat.\nAsporto dicta crur demo aperte molestiae sponte audeo ea. Tactus nesciunt officia antea quo. Vix decipio bonus voco vociferor provident suus fugiat.\nNon sit celo civis campana aedificium. Vesica vir delectatio adipisci claustrum dedico similique tactus cum corrigo. Vehemens bene consequuntur vita.\nEum turba placeat thesaurus ultra curto solvo abundans undique defessus. Tempora circumvenio arx admiratio assumenda maiores tolero. Optio depereo laboriosam cohors tardus nesciunt ocer.', '2024-12-15 14:41:42'),
(42, 42, 38, 'Consequatur caste somnus arbustum admoneo sub terreo stultus charisma tutis. Arma vomica suppono vix viriliter deserunt vel pauci defungo. Uberrime stella adulescens theologus in reprehenderit compello.\nLabore vulticulus theatrum umquam vivo ars cavus nostrum tum adicio. Odio ager attonbitus vigilo. Exercitationem causa asperiores sodalitas clarus coniecto corroboro victus statim.\nEst defendo tamen vigilo crur vir terra sumptus. Suadeo bibo amaritudo textor atrocitas dens. Cometes tempora textor magnam.\nSopor sustineo collum nulla suppono cattus crastinus decumbo. Bellicus aestus acquiro suus eum. Defero cervus ocer delego tum.\nDeleniti quo vobis. Amita una speciosus spiculum arto dolorum bellicus explicabo torrens venustas. Suffoco verto clam.', '2024-12-15 14:41:42'),
(43, 43, 44, 'Ipsa delinquo claudeo sit saepe arguo. Succurro vapulus supplanto decimus decretum. Aer solium demoror compono sustineo aliquid unus corpus compello admiratio.\nAperio subnecto tamen tantillus occaecati velut culpa. Tui ancilla considero admoveo stillicidium derelinquo. Dolores eum truculenter quod venio viridis avarus crinis tabgo.\nTabernus tenetur arcesso vindico optio. Tenus defendo tergum. Cuppedia unus adversus carus nobis arceo paens.\nCorrigo quas coaegresco. Audio inflammatio volup uredo subseco aut. Thesis bestia quibusdam odit eum compello.\nArgumentum pax id possimus uter casso tersus. Arx angulus cena solus esse abduco tergo agnitio verto. Vereor tamen cimentarius thema denego tyrannus bonus.', '2024-12-15 14:41:42'),
(44, 44, 38, 'Abscido valde temperantia cuppedia caecus despecto ventito. Defungo tamdiu supellex demergo exercitationem solium. Consequatur cuius optio eum tempora pel utrimque speculum.\nDemoror possimus decretum calcar. Molestiae casso arbor vinitor eius supra appono cubicularis cogito. Paulatim spiculum crur trepide denique trucido solio vesper.\nSubnecto conicio iste corrupti. Degenero curvo amplexus aut tenetur cariosus adeptio totidem stultus thermae. Toties turpis deficio cubitum delectus assentator campana sopor dens uterque.\nCentum laudantium angelus voluptatum tamdiu delego suspendo. Cunabula contra conservo. Tondeo audentia amicitia pecto.\nTergiversatio spoliatio tredecim cariosus turbo utique. Strenuus tertius caelestis coaegresco abbas asper asper tricesimus tardus utique. Uberrime teres textor deleo officia animi decimus debitis crux dolore.', '2024-12-15 14:41:42'),
(45, 45, 40, 'Deserunt maxime soleo textus cribro aut congregatio audacia. Corpus inflammatio concedo ars autus. Totidem terga pauper deduco compono derideo basium cattus animus voveo.\nTalio tempore aperiam thesis illum cultura calcar utor. Desipio stips textor ceno deludo vita turba traho. Ulterius agnitio totam.\nClementia aegre cinis saepe adiuvo sed uberrime vel theatrum. Adduco complectus atqui vel consuasor verus crustulum. Color tersus victus cuius statim animus uberrime caries cultura ubi.\nUstilo aequus alii cognatus delectus. Tenus complectus decipio arbitro terra commodo accusamus. Uter thema depulso animadverto pecus voluptatum aestus ademptio.\nAcidus porro deputo arbor volubilis tribuo debilito theca desolo desparatus. Audeo cursus sublime commemoro delinquo colligo. Demoror vesper vomer spectaculum veniam tracto assumenda solium.', '2024-12-15 14:41:42'),
(46, 46, 14, 'Trucido basium thalassinus defetiscor. Aliqua pecus odio verto. Adipisci blanditiis umquam apud dolor.\nTabella dedico ocer. Tergeo candidus sumptus atrocitas. Correptius adnuo decumbo vespillo cito trado fugiat.\nSocius adopto triumphus peccatus quae. Crinis succedo damnatio quisquam antea valde statua tunc sulum ambulo. Arma argumentum cohaero curiositas delibero vitae convoco.\nComis aliquid corrupti autus surgo arceo cometes. Torqueo volva degero adficio. Adopto una totidem absque corrupti aliqua torqueo.\nQuasi tendo vomito adfero torrens bardus constans verecundia voluptates ambitus. Templum ut defetiscor delibero volup theatrum alienus vulgus acceptus. Admoveo adulatio caute ago temptatio deserunt bellicus vix.', '2024-12-15 14:41:42'),
(47, 47, 30, 'Ascit arceo delectatio adsuesco vomica assumenda verumtamen defetiscor error vespillo. Desino dedico vapulus coerceo. Advoco arma aeternus amissio rem ustulo.\nDolore sodalitas soluta repellat ars. Iure ago vesco. Cohors ipsa capitulus toties curatio thymum vilis caste terebro depromo.\nCado comprehendo vulticulus reiciendis compono. Deserunt argumentum cribro arbitro volutabrum super ad surculus vomica fugiat. Commodi adulescens comedo creptio corrumpo cribro nam caveo nemo.\nDeserunt cervus fugiat arma vulpes summisse volva. Ascisco apparatus surgo. Summisse beatae colo trans aetas quae xiphias conscendo ascisco.\nCurriculum at ultio peccatus. Beatus aegre celo veritatis reprehenderit conor. Suffoco astrum admitto temptatio cedo amo solutio cervus uterque usque.', '2024-12-15 14:41:42'),
(48, 48, 8, 'Accendo sunt utique sodalitas vivo varius voluptas causa. Adopto asperiores ultra utilis tamquam tredecim urbs cuius. Alioqui ut pauci subito admoneo aiunt aeternus stabilis.\nReiciendis commodo arbustum calamitas terror argentum sto sub curto una. Aut argumentum convoco vobis curriculum. Cena quos assentator consectetur volup vos astrum argentum patruus.\nDemitto provident confero contego quod adaugeo demonstro crepusculum. Damno tepesco sophismata succurro teneo. Terga catena aperte adipisci adipisci aro alienus clibanus.\nAegrotatio theologus quia virga nam cursim. Succedo tener vere cognomen quo turbo caritas. Molestiae campana adstringo tabernus.\nAccusantium pauci strenuus capillus conqueror. Aliquid amor neque vilis viridis cupressus defungo credo. Aestas ipsum beatae usitas crudelis coniuratio villa creta ver.', '2024-12-15 14:41:42'),
(49, 49, 36, 'Conitor usus vociferor. Apud demum currus antiquus conqueror. Tametsi desolo timidus certus alienus.\nVarius arbor abutor vetus voluptatem vulticulus verus. Traho sonitus quod collum. Adsuesco tolero vivo attonbitus ascit vorax bos tripudio abduco.\nSuffragium conatus arbustum viriliter xiphias ventus allatus aqua demens. Neque adhuc accommodo admiratio appositus cras decretum tenetur thymum aiunt. Spiculum talis teneo verumtamen thermae sumo accendo sol cornu.\nCausa stella acceptus timidus uxor capillus molestiae. Excepturi verbum advoco abstergo vomica chirographum solutio. Saepe cito vinco chirographum aegrus deprimo totam sol terra iste.\nTheologus viduo consequatur laborum desipio terra demulceo nobis odit. Confugo atque cunctatio. Vita statua aro socius creber cattus aro victus succedo bonus.', '2024-12-15 14:41:42'),
(50, 50, 48, 'Thema textor deleniti victus accedo calco solum architecto. Animadverto nemo utrimque consectetur at. Solutio viridis est curo suspendo minus reprehenderit adfectus.\nTres delectus vilis eaque caute ante placeat. Amicitia tego stips tristis delectatio patruus tamquam demergo. Coaegresco amita addo dolorum truculenter.\nBos perferendis carpo. Vinitor cavus alveus stipes illum. Comprehendo cum thesis.\nUniverse antiquus facilis caritas recusandae caput terror ullam auditor spargo. Derelinquo ver sustineo aliqua defendo vehemens adiuvo audax. Iure aspernatur confido aliquid inventore caterva rerum virga utrum.\nMolestias admitto angustus cenaculum subnecto deduco. Tandem curriculum ducimus. Deficio claro universe dolorum terra amiculum tremo.', '2024-12-15 14:41:42'),
(51, 20, 19, 'Cuppedia ducimus adicio adhuc curiositas crapula vitae temperantia ascisco. Conscendo cotidie cohaero culpa cornu crebro vulgaris. Adversus autem vorax supellex decipio depraedor supellex.\nComprehendo beatus ago alveus. Vos demum arcesso odio aptus summa comitatus repellendus. Virgo saepe atrocitas utor utrum voro.', '2024-12-15 14:41:42'),
(52, 46, 14, 'Ver facere defero abutor cinis velut. Adeptio voluptatem textilis deficio vado. Coadunatio cras omnis crapula.\nAdsidue varietas bardus inventore labore. Alii assumenda repellendus unus thema aperiam cetera asporto anser. Tardus anser corrumpo commodo.', '2024-12-15 14:41:42'),
(53, 39, 23, 'Usus taedium cupressus canis ait suggero minima. Caste pectus solvo magni ex conscendo expedita depono tenax nihil. Voluptate decumbo provident constans turba consuasor certe teres adfectus.\nStatim claro tersus iure terror ultio acer vir. Curtus spes valetudo creator conatus vergo ago texo. Adflicto turbo numquam demo cognatus ulciscor creator.', '2024-12-15 14:41:42'),
(54, 36, 14, 'Valeo accusator cui cunae caveo. Absens quidem comburo consectetur vestrum vespillo. Vapulus sint vado surculus depulso adimpleo quas.\nTorrens teres valens patior. Aperio vomito amplus dolores correptius cibo aegre templum virtus vero. Dedico conservo demonstro tyrannus sodalitas nesciunt.', '2024-12-15 14:41:42'),
(55, 33, 46, 'Color audacia tergo aiunt dapifer cubo crapula cunabula minima. Suppellex tripudio caveo. Titulus ceno eveniet abbas capitulus distinctio tenax quisquam bos administratio.\nVestrum caecus amitto aestivus rem vita curvo volaticus tumultus. Autus celo deputo vergo. Voluptates suscipio amo vis demulceo statim.', '2024-12-15 14:41:42'),
(56, 47, 18, 'Tabula pel aro vulariter tersus. Constans placeat aestas volup. Dedecor laudantium bellum usque cotidie.\nConiuratio iusto spiculum cogito. Amicitia necessitatibus depono sublime amissio a. Balbus desipio aveho cubo.', '2024-12-15 14:41:42'),
(57, 21, 43, 'Admitto socius curriculum aliquam bardus antepono alii alii thorax. Labore assentator tutis bonus curiositas decet cupiditate caritas adflicto aiunt. Atqui capillus ter.\nVulticulus dolores arguo compello solvo vigilo degenero sequi addo. Vitiosus aeger crebro arguo porro ascit. Supellex tenus blanditiis desipio cumque volo magni eaque despecto quaerat.', '2024-12-15 14:41:42'),
(58, 12, 38, 'Communis amplus supellex. Tutis quisquam abeo cupio deserunt nulla volup. Repellendus sperno accedo calculus blandior advoco cunctatio aro repudiandae usus.\nAccusator esse paens censura. Sunt desolo uberrime degusto saepe tantillus mollitia ciminatio suffoco voro. Aggero causa nam aedificium occaecati demitto.', '2024-12-15 14:41:42'),
(59, 33, 24, 'Accommodo solutio uxor molestiae delectus. Tribuo nostrum ventus. Velociter comprehendo coepi demo impedit iste suppono votum adsuesco id.\nInventore astrum chirographum adipisci succedo volup praesentium. Patrocinor ducimus venia vestigium curso defaeco vorago odio accommodo aeger. Vaco aperio solitudo.', '2024-12-15 14:41:42'),
(60, 40, 33, 'Cena communis adfectus chirographum abbas constans. Delego deripio sui curatio decet appello adamo adsidue supra. Utor calcar crinis demo desparatus supra.\nContra adiuvo debilito tamdiu. Strues ulterius cura statim neque colo. Vado patrocinor colo accusamus considero candidus pectus ter.', '2024-12-15 14:41:42'),
(61, 17, 11, 'Aspernatur aequitas usque adeptio magni consequuntur. Solio cicuta carpo annus. Tamisium sol cupio tracto copiose turpis celer necessitatibus speculum absum.\nDebilito correptius laborum sed utique corrigo surgo deludo tenus tenax. Ipsam animus sortitus. Calamitas occaecati vitiosus vehemens porro sublime vinco deserunt.', '2024-12-15 14:41:42'),
(62, 33, 6, 'Denuncio centum celo cornu cultura. Copiose spero vivo amaritudo benevolentia non. Tripudio at venia cernuus tyrannus coniecto cursim ventito vere strenuus.\nPorro vinum comburo umerus vitiosus caveo. Aggero sum tabernus unus cometes abundans vetus. Vomer versus utroque tabernus turba adhuc.', '2024-12-15 14:41:42'),
(63, 3, 6, 'Spargo cauda vel assentator distinctio alias subito. Aufero annus accommodo cui avarus atrox. Calco vindico calco.\nVomica tertius colligo cuius. Decens collum calco amoveo theatrum sed eligendi. Atqui omnis enim.', '2024-12-15 14:41:42'),
(64, 19, 10, 'Caries apto adflicto. Tristis brevis tibi coerceo synagoga tendo sufficio. Vilicus patria deprecator vivo.\nAmaritudo cunabula vitae. Surgo deporto labore aliqua claustrum. Aliquid tollo suadeo trepide copia correptius.', '2024-12-15 14:41:42'),
(65, 9, 35, 'Porro at vesica causa repudiandae delego. Velut totus capio civitas demum at aestas suppono. Colo cunae vociferor uxor addo defendo cena sodalitas terminatio.\nSuus desino crustulum pauper tredecim. Attero acervus via tantum perspiciatis thalassinus adulatio averto. Pax curo doloribus amet sono somnus vilis.', '2024-12-15 14:41:42'),
(66, 3, 20, 'Amissio cubo cupiditate trucido inventore. Utilis cogo comminor cresco uter cuius modi. Aeger armarium caelestis cernuus strues acquiro crinis vinitor aiunt decet.\nOmnis baiulus verecundia bene crastinus desipio decretum. Iure tergeo comptus abeo terra utor audio ipsum corpus vulpes. Vix certe sordeo sum arto denique tactus claro cunae nostrum.', '2024-12-15 14:41:42'),
(67, 23, 14, 'In careo deficio. Deprecator versus catena sol trans derelinquo derelinquo paens. Territo amita spero adsum confugo conscendo numquam.\nSponte succurro uredo decipio ea temporibus ea coerceo. Balbus tergum absconditus. Aequitas cribro candidus.', '2024-12-15 14:41:42'),
(68, 47, 12, 'Amitto clam decens dens volup cibus alius. Volutabrum amoveo bis bestia sumo demergo. Accedo totus adhuc patrocinor subnecto textor contigo surgo asperiores ea.\nCoerceo taedium sed deleniti delicate curatio. Comburo admiratio adeptio bos sed avaritia tot cometes tenax spero. Cursim utor saepe astrum capillus solio vestigium tantillus concedo voluptate.', '2024-12-15 14:41:42'),
(69, 9, 41, 'Barba apostolus contra utroque. Iure temperantia statua atavus tener vindico. Nobis alter denique vulgaris ut cresco itaque.\nTergiversatio excepturi autem catena cribro ducimus. Vigilo civis eum termes uter tenuis acquiro demergo caste. Earum auditor aliquid custodia decor blanditiis thorax aegre.', '2024-12-15 14:41:42'),
(70, 31, 36, 'Sponte utor urbanus quas animadverto turbo claudeo audacia celer. Convoco clibanus tametsi animadverto supplanto voluntarius candidus vivo optio. Corpus cado tertius talio abduco.\nCaecus cupiditate cervus. Adhuc vigor ulciscor clamo cernuus sortitus ater. Beneficium admoneo vilis voro corroboro caput.', '2024-12-15 14:41:43'),
(71, 44, 2, 'Temptatio incidunt carpo spargo baiulus acervus tenus ulciscor. Venia crebro aestus rerum reprehenderit tenax. Deludo sto cernuus candidus timor amo bene virga ascisco.\nCerno adeo vitiosus asperiores vulariter peccatus abscido demonstro. Umquam vir tempus alias debilito voluntarius argentum nostrum perspiciatis canto. Cervus calco synagoga defluo accedo cunae.', '2024-12-15 14:41:43'),
(72, 13, 14, 'Creo claustrum vulnus decet. Creo beatus volaticus repellat vinculum vestigium. Deinde numquam aperio vita ascit maiores suus.\nIure pecto sursum ascisco vulnero aggero abundans. Stipes tyrannus ubi demoror curia causa verbum celer vestigium quas. Paens delinquo curiositas ater.', '2024-12-15 14:41:43'),
(73, 22, 7, 'Exercitationem aqua advoco. Vigilo tredecim comminor arx. Caveo consectetur angustus stella.\nTergum summisse vigor labore benigne commemoro verecundia admitto sollicito tersus. Tum cena sumo deleniti umquam combibo copiose tondeo. Demitto patria sum combibo velum suscipio asporto.', '2024-12-15 14:41:43'),
(74, 46, 37, 'Candidus combibo defessus textilis. Vilitas stipes ex suppono caecus. Vere alienus absorbeo.\nCongregatio voluptatibus cum. Ater delectus id averto subvenio. Tabernus victus corrumpo celo numquam ex.', '2024-12-15 14:41:43'),
(75, 11, 23, 'Terreo virtus solium. Ver colligo caveo valens claustrum patior. Tero cultura carmen concedo conforto distinctio carus crudelis accusamus.\nAcer tempora delicate sponte. Bene deludo crur sustineo admoneo alioqui cras. Derideo tot addo accusator civis id sono vulticulus amiculum tolero.', '2024-12-15 14:41:43'),
(76, 5, 49, 'Vita abscido sto ventosus sui dens celer demens sollers sodalitas. Deludo uxor contego bene conspergo ante. Vapulus adfero crapula delicate strenuus solium.\nViriliter nesciunt unde contabesco coerceo certus tendo. Aeternus umquam adsum nisi arbor. Talus ulciscor aureus votum valde vulgo timor colo usus.', '2024-12-15 14:41:43'),
(77, 45, 50, 'Similique caritas aestus truculenter statua. Sollers conculco tactus adeptio voluptates a audio coniecto sortitus universe. Sed varius curo desolo occaecati fuga.\nTestimonium vilis veritatis amissio. Utilis vulpes adflicto curiositas depono ullus ad. Cura acies claro corrumpo.', '2024-12-15 14:41:43'),
(78, 9, 11, 'Bellicus conitor consuasor canto tamisium aspernatur. Sonitus abutor vae repellat quae advenio hic impedit. Sed pel aeternus complectus considero theologus beneficium.\nAduro versus tollo. Admoneo versus demo beneficium veniam aqua amplitudo depromo valens. Comminor vel terga cohaero cinis beatus.', '2024-12-15 14:41:43'),
(79, 15, 37, 'Totus umquam atrox enim tepidus vulgus. Alveus crepusculum socius numquam. Volutabrum assentator aperte.\nAscit coaegresco certus auditor ullus ager vix quod accusator. Adfero tamdiu blanditiis abstergo consuasor aeger. Abbas administratio officia cattus deputo deduco argumentum ait.', '2024-12-15 14:41:43'),
(80, 9, 34, 'Approbo triduana aliquam derideo caveo laudantium suffoco voco vinum patria. Cognomen dens doloribus depereo tantum cavus ab explicabo. Comitatus consuasor suus utique officiis in caterva.\nRepellat doloribus tui degenero vomer. Consequuntur umquam vereor laboriosam bardus deporto acsi arceo tempus. Praesentium quos vulgaris cunctatio vulticulus cupio vulticulus.', '2024-12-15 14:41:43'),
(81, 15, 27, 'Una congregatio aveho. Eum pel caute praesentium adulatio uterque titulus. Bardus animadverto amor totidem fugiat.\nComis demonstro error modi talis adaugeo aequitas somniculosus. Voluptatum tergum volutabrum cunctatio abeo contabesco subito textilis. Dignissimos sed benigne deserunt deprimo denuncio undique tenuis.', '2024-12-15 14:41:43');
INSERT INTO `posts` (`id`, `threadId`, `authorId`, `content`, `createdAt`) VALUES
(82, 1, 27, 'Ubi voro eveniet volutabrum vomer suscipit velut tibi eos ater. Vilitas certe administratio tabella laudantium summa calco. Calcar corrumpo adficio.\nFacere ustulo contra necessitatibus adaugeo. Cibus totidem calcar. Suffoco doloribus caute catena aeger.', '2024-12-15 14:41:43'),
(83, 14, 7, 'Templum atqui strenuus attollo cibus alo. Eius textilis vinitor censura. Ipsum laboriosam amiculum advoco vetus spero corrigo canis.\nVolva arcesso animi. Tyrannus aliqua complectus vesper utilis suspendo. Altus ex defluo bene nobis.', '2024-12-15 14:41:43'),
(84, 30, 50, 'Laudantium canis approbo tibi ut sursum quaerat voveo. Claudeo ulterius id. Abeo vestrum sono.\nDens cruentus appono tricesimus. Conventus cupiditas patruus versus. Torqueo compono incidunt substantia.', '2024-12-15 14:41:43'),
(85, 33, 9, 'Eligendi cunctatio quaerat comburo solutio modi aegre vulgus considero. Decens ustilo aeger sponte strues deficio vitium velit. Animi ab ipsa adeptio eius strenuus timidus avarus adipiscor sopor.\nTalio demum sophismata confido amor. Porro capitulus caries coadunatio culpa nemo uberrime caute aspernatur subito. Ager sortitus certe verecundia admoveo decipio coepi theologus.', '2024-12-15 14:41:43'),
(86, 11, 15, 'Decens calculus tricesimus timor depromo vulticulus provident deficio. Contra cetera creptio. Suasoria argentum asper umerus thymum accommodo.\nUter alias colligo ventosus pauper quisquam deripio architecto assumenda hic. Facere calculus dolore. Amo corrupti cubicularis curiositas absum strenuus.', '2024-12-15 14:41:43'),
(87, 35, 35, 'Agnitio substantia absque. Cui beneficium tenetur demens colo adinventitias expedita. Hic theca temptatio impedit.\nEsse absorbeo enim carus undique. Tersus acervus torqueo denuncio cur cito alias. Suspendo cognomen adeptio spoliatio impedit crudelis calamitas coma arca.', '2024-12-15 14:41:43'),
(88, 45, 11, 'Vir video certe pax at decipio optio. Suggero cras verumtamen conatus abbas rem consectetur claro curis. Repellat comburo alveus arma.\nStrues adipisci spes copia. Aurum cohaero conatus vero teneo vitae aegrotatio. Turbo aliquid cavus arbustum tricesimus.', '2024-12-15 14:41:43'),
(89, 45, 33, 'Confugo usus vivo vere. Acies ubi cursus utpote supellex. Officia adiuvo perspiciatis stips cognatus comes ter coma.\nVespillo sodalitas paens. Attollo candidus vilicus at suspendo. Voco conor vorago depopulo stella.', '2024-12-15 14:41:43'),
(90, 20, 14, 'Temperantia patrocinor defaeco aliqua. Supellex acceptus id vito sumo vobis ullus suus. Ocer abbas suffragium subiungo animi.\nComptus stips derideo. Argumentum amplexus alioqui sui audacia ago. Tertius approbo sonitus confero ter vulgivagus placeat.', '2024-12-15 14:41:43'),
(91, 17, 49, 'Vulariter appello tollo demitto corroboro tero cresco videlicet excepturi. Degenero tamdiu subseco aveho acer abstergo canto hic. Utilis amaritudo adimpleo.\nAdsidue consuasor laudantium ambitus maiores spiritus absque quis. Rerum pax despecto patria perferendis temeritas adipisci appono thermae. Statua verumtamen uberrime thymbra.', '2024-12-15 14:41:43'),
(92, 39, 39, 'Voluptas magni cognatus. Suasoria vita benevolentia aperte collum cernuus conqueror video ultio dedico. Thymum in sursum eaque aurum sub speculum abduco curia cultura.\nStabilis tero bellicus temporibus. Temporibus speculum vinco attero urbs tam combibo. Vitium vinco soleo ullam civitas vado adstringo alii.', '2024-12-15 14:41:43'),
(93, 39, 42, 'Totus sodalitas quidem colligo capto quia. Beneficium occaecati deprimo coniecto appono laboriosam. Voro solum eos pecto alter sit vilicus.\nOfficia vinitor cursus conforto ustilo derideo voluntarius adulatio itaque quo. Alius debitis vulgivagus utrum confido quisquam. Valde thymbra cruentus degenero eaque.', '2024-12-15 14:41:43'),
(94, 17, 8, 'Qui despecto acer nulla stips vehemens vis appositus quaerat adopto. Vestigium temperantia conqueror reprehenderit maiores suffoco subiungo ancilla bene. Coma agnitio coaegresco tracto adamo stips tres bellum sed sumptus.\nAgnitio tutis thesaurus. Caute utrum currus voluptatem suasoria curtus alioqui averto spero. Creber spero decet patior agnitio claudeo adsidue texo amita terebro.', '2024-12-15 14:41:43'),
(95, 1, 38, 'Quaerat viscus vinitor audio comitatus temeritas vetus facere via crustulum. Decimus delectus tribuo amissio totidem. Debeo vociferor spero pel.\nMinima venustas copiose spiritus tristis venio confugo trans adfero. Adhuc provident omnis arcesso caveo clamo admoneo curvo. Admoneo coma dapifer.', '2024-12-15 14:41:43'),
(96, 32, 38, 'Tempus eligendi vester censura corrupti sodalitas animadverto creptio. Assentator crebro atqui celebrer paulatim delectus. Versus amplus sui pel curis defluo.\nCrux venustas acervus ceno incidunt. Curatio tumultus viriliter. Uberrime laborum quam arceo cribro thermae via summopere virgo amoveo.', '2024-12-15 14:41:43'),
(97, 45, 6, 'Tyrannus aegrus corrumpo decipio color spiculum. Annus degusto a. Volubilis villa thesaurus vestrum accusamus.\nAlioqui impedit sursum. Caries vulgaris cunctatio verumtamen conculco callide contra complectus. Distinctio tener civis vestigium quia voluptatum despecto.', '2024-12-15 14:41:43'),
(98, 11, 31, 'Verumtamen coerceo aegrus demergo atqui quibusdam comburo alienus vita circumvenio. Volutabrum sperno talis utilis voveo turpis. Demonstro apto patior conscendo delectus.\nDignissimos audax qui tepidus cultellus patrocinor vis comburo. Crinis pel praesentium talis vindico stella civitas tremo vae. Aestas vinco crebro approbo.', '2024-12-15 14:41:43'),
(99, 32, 49, 'Defendo avarus cattus vitiosus aro aliquam. Conicio ambulo cupiditate soluta voluptate ultio vicissitudo ait consequuntur labore. Supplanto demergo fugiat terminatio suscipit auctus subseco suus arguo sto.\nAdeo depraedor sed considero attonbitus taceo acceptus causa. Tametsi super terreo torrens caries apto. Adsidue video absum atqui vinum demo conicio calculus.', '2024-12-15 14:41:43'),
(100, 13, 47, 'Facere volubilis iure uterque clibanus quasi coadunatio adfero. Eligendi vel crux vulgaris bestia universe dignissimos acceptus usque placeat. Depopulo depulso clibanus canto cognatus tardus sophismata adipisci.\nTerminatio voluptatibus utor curto vulgo delicate sopor conspergo. Sono vulariter vis suggero fugit curis ratione creptio terra adopto. Demo abbas comparo crebro absens conscendo valens conor voluptatibus.', '2024-12-15 14:41:43'),
(101, 35, 42, 'Umquam labore nulla consequuntur pauci. Civis urbs error curiositas itaque. Uxor voluptatibus altus amita blanditiis.\nArcesso uberrime subnecto dapifer angelus pariatur vicissitudo bardus stipes. Succedo defaeco cibus paens stultus arguo umbra ultio. Tumultus at absorbeo thermae vae tenuis arbitro bardus earum.', '2024-12-15 14:41:43'),
(102, 20, 43, 'Cuius ventus vergo aeneus patrocinor vitium depono aiunt virga vindico. Subiungo audacia amiculum verbera amplitudo vulnus adhuc asperiores. Cometes consuasor crastinus.\nAggredior thymum sit vigor. Temptatio utrum tui. Fuga dolorum tunc perferendis cornu acsi creptio vos decimus vitium.', '2024-12-15 14:41:43'),
(103, 35, 25, 'Atavus communis terreo bellum. Cometes abutor deputo totidem cena terror canonicus carbo suus demum. Sequi ancilla subito ait uter cotidie nihil vinum urbanus aegre.\nAer doloremque turbo pectus venustas. Bellicus bonus averto peccatus. Aestus ager pax arcesso conservo.', '2024-12-15 14:41:43'),
(104, 32, 40, 'Vestrum statim avaritia utrum textor barba. Commemoro spiritus advenio adeptio. Vir utor blandior minus coerceo clementia crebro undique absque ustilo.\nCras admoneo benigne perspiciatis absorbeo. Harum degero curia adaugeo clementia votum terebro. Statua spero carus caritas vicinus deprimo cubitum averto.', '2024-12-15 14:41:43'),
(105, 47, 23, 'Abbas confido conqueror sui toties demitto sequi. Unus tyrannus beneficium aurum decet triduana compello condico. Denuncio advoco ubi appositus vinitor volubilis repudiandae patria.\nCarpo cuppedia cimentarius eos tertius. Terebro tener amoveo consuasor torqueo ventosus arcesso concido tempora. Accusator accedo decor tenuis.', '2024-12-15 14:41:43'),
(106, 35, 37, 'Vitium cohors admiratio civis quibusdam. Damnatio adnuo aliquam subito terra. Canto nihil suasoria textilis vociferor.\nVetus stabilis harum rerum circumvenio decretum arbitro depraedor. Adipiscor explicabo volubilis sustineo comitatus amissio. Explicabo vacuus acies adfero auctor utrimque utor pauper vehemens correptius.', '2024-12-15 14:41:43'),
(107, 15, 12, 'Curtus aufero fugit conventus clam. Ultio eius sponte vilis tempora vestrum denuncio. Averto defendo studio tunc laborum vespillo supplanto excepturi.\nAccusamus doloremque distinctio abduco tum. Deporto viriliter tabula statua acidus. Ciminatio deorsum voro possimus taedium bibo cilicium.', '2024-12-15 14:41:43'),
(108, 2, 31, 'Acerbitas sollicito tergeo cupressus. Cometes adflicto amo venustas quae possimus quaerat teres adfectus dolorem. Tot supplanto quisquam surculus angelus vesper sono.\nAggero autem fugit porro. Sumo alo uberrime at. Tot magnam crepusculum casso turba carpo censura confido certe collum.', '2024-12-15 14:41:43'),
(109, 13, 46, 'Corrigo conduco aliqua truculenter. Cometes ulterius vinco beatae vigilo acies. Cenaculum thema consequatur ipsum desipio assentator vestigium.\nAedificium ante taceo audeo versus. Toties antepono demoror tutis terminatio stella itaque vinculum decet cibus. Ubi contra convoco adfero ultra arbustum tamen vacuus similique.', '2024-12-15 14:41:43'),
(110, 41, 31, 'Iste desidero optio certe demonstro cauda vilicus validus viriliter. Cubitum balbus veritatis perspiciatis deficio. Ciminatio vigor amplexus stipes acerbitas patior acerbitas sum tot.\nDeleo cornu tantum aufero subnecto tubineus. Teneo tabernus utor constans. Adicio thermae absens vindico tabesco turba desolo desidero abbas defero.', '2024-12-15 14:41:43'),
(111, 5, 15, 'Carpo vigilo ultio perferendis facilis ara beneficium adversus. Volo clibanus degusto capto derideo thymbra. Spiculum surculus depopulo.\nBaiulus maiores venustas ipsa. Verumtamen sit cervus valens amita triumphus barba adstringo coruscus decumbo. Voluptate coniecto celo combibo deduco aggero somniculosus centum deleniti video.', '2024-12-15 14:41:43'),
(112, 44, 8, 'Adamo aperio cauda adeptio auxilium. Sulum animadverto campana subiungo. Nobis depromo spes tollo tepidus fuga qui anser.\nAdmoveo conicio suffragium ambulo defero quia addo. Nisi quis aranea defluo. Decor compono antepono.', '2024-12-15 14:41:43'),
(113, 8, 46, 'Cinis aptus stipes thermae denuo aut. Creptio officiis angelus curo sapiente compono. Cornu sopor qui dapifer vitium demo creptio calculus voco ceno.\nTer confugo charisma aut. Libero curis vado thymbra strues vulnus vicinus. Ratione adiuvo clam.', '2024-12-15 14:41:43'),
(114, 23, 13, 'Decor vilitas venia benevolentia auxilium confugo peccatus vester avarus. Abduco victoria taceo ut terror volva uredo antepono dolorum tumultus. Ratione architecto contego vergo aestas reiciendis.\nAdulatio adiuvo decens. Dens somnus reprehenderit decet terebro vulnus earum. Aggero aetas basium socius confero alii summisse supplanto aperte adeo.', '2024-12-15 14:41:43'),
(115, 17, 23, 'Desino tersus brevis thymbra aqua theca vir. Accedo dicta consectetur usque summa temperantia dapifer itaque. Subiungo attonbitus vito ipsam.\nSolus calamitas adaugeo cursus vacuus carmen. Deporto basium cogo supplanto vicissitudo tergeo cur alveus inventore coerceo. Delibero advoco suppono claro averto theca surculus derelinquo confugo solitudo.', '2024-12-15 14:41:43'),
(116, 8, 28, 'Amor terebro maxime accommodo vulpes adaugeo surgo adnuo nostrum conspergo. Inventore callide tardus. Alioqui corroboro charisma conculco super verbum.\nValens nesciunt vulnero vilicus cotidie vix. Utroque capto vito. Magnam ullus sollicito.', '2024-12-15 14:41:43'),
(117, 2, 23, 'Est somnus uxor spiculum totus ultio casso. Repellat aperte uberrime aut patrocinor velum sopor defaeco aut. Trepide aegrus vitae tepidus aureus amiculum.\nTyrannus adduco tempore debilito repellat adsuesco videlicet caput. Tabula quis tepidus ex ante timidus esse. Coadunatio demergo surculus bibo cultellus utor congregatio cariosus coaegresco.', '2024-12-15 14:41:43'),
(118, 42, 49, 'Amoveo verbera at coruscus aveho toties audacia qui depono aliqua. Tricesimus abbas causa amaritudo tero aliquid demergo cibus. Accendo veritas sit vivo utroque solitudo vicinus vulnero aveho bellicus.\nId surculus aestas vorax. Exercitationem calculus textilis cura cilicium virga carbo. Thesis deprimo abbas cubitum tabernus comprehendo.', '2024-12-15 14:41:43'),
(119, 30, 2, 'Solvo tersus patruus termes territo tui viriliter unus. Cruciamentum apud demonstro. Creber tantum delego.\nCognatus vigor usus. Coniecto tubineus unde repellendus cervus. Abundans repellat candidus decerno deleo pecus.', '2024-12-15 14:41:43'),
(120, 9, 43, 'Quos alii argentum defungo suffoco aliquam vilitas timidus curiositas. Supellex molestias degenero voro calco uberrime vetus confido solvo. Non corona contabesco minus vis ratione pectus.\nAncilla utroque debeo cenaculum comes. Provident clarus beatae. Trans aurum aro vetus colligo templum deserunt dedico.', '2024-12-15 14:41:43'),
(121, 3, 4, 'Chirographum sortitus viduo venio cattus terminatio arbitro aliqua. Quo earum talio tutamen conservo curto atque auditor subseco. Aedificium degusto coniuratio argentum dedico.\nAdsum ustulo absens vulnero terreo cogito clarus vinculum voluntarius canonicus. Defungo tumultus verto summa congregatio capitulus sit crebro. Celer doloremque quam inflammatio.', '2024-12-15 14:41:43'),
(122, 16, 3, 'Adduco comparo adiuvo casso conatus cura sol. Voluptas crepusculum conatus suffoco atqui acsi alienus. Quibusdam thymum eligendi blandior ab.\nNatus tracto ara vacuus amor traho. Tunc aiunt quos assentator alius aeternus. Autus attollo clam iure.', '2024-12-15 14:41:43'),
(123, 25, 48, 'Denique vinco tandem auxilium nobis pectus amiculum. Cultellus bellum conculco cura a tollo earum. Viriliter tergiversatio nulla venia tepesco.\nAnnus coepi patruus excepturi. Consectetur asper aggero labore voco apostolus sollers. Demoror patrocinor virgo contigo.', '2024-12-15 14:41:43'),
(124, 17, 2, 'Tricesimus verbum tumultus trepide curiositas substantia temeritas usque abundans. Admiratio sponte verto consequatur. Spero tum tabesco acervus.\nTrucido caste quisquam tam derelinquo depulso autem depraedor vereor. Ut tergo supplanto. Aetas cavus xiphias cupiditate appositus textor.', '2024-12-15 14:41:43'),
(125, 40, 39, 'Cenaculum accommodo tunc texo aegrus turba. Minima tumultus defluo colligo celo. Vapulus aestivus accusantium videlicet adstringo peior rem clementia vilitas.\nThesis tantum cado advoco textus velociter. Ante dolorem adhaero tribuo corrigo accusator adeptio. Vivo canonicus terra arceo vereor.', '2024-12-15 14:41:43'),
(126, 49, 6, 'Vinitor vilitas pauper tamdiu cohors contabesco veritatis. Acerbitas admoneo solitudo. Deripio caveo vestigium spectaculum delinquo vicinus concedo trans.\nSuspendo amissio adhuc. Natus stips cattus derelinquo odit admoveo desino alo appello. Thorax caecus aetas cavus tepidus asper.', '2024-12-15 14:41:43'),
(127, 14, 8, 'Tardus colo celer distinctio sollicito audio. Commodo adiuvo arto venio cervus nihil solio vester peior. Amiculum ago conventus consuasor vulgo ago coma.\nCui carmen voco ancilla canis deprimo blandior. Ait amaritudo cognomen testimonium trepide combibo odit comis coma. Turpis aspicio cubicularis quasi claustrum considero astrum derideo earum.', '2024-12-15 14:41:43'),
(128, 21, 16, 'Addo suffragium ex. Arto cedo ustulo ut comburo ducimus cresco suffoco. Cibus tot ipsum tibi uredo.\nCharisma virga cornu alo exercitationem aro. Dolorum sopor tricesimus commodi aeneus maiores. Tempore ascit quis quaerat angelus.', '2024-12-15 14:41:43'),
(129, 17, 33, 'Acidus incidunt patrocinor doloribus. Sublime odio cinis campana cultura bellicus calculus coaegresco occaecati. Tollo depromo debeo supellex caries deinde avarus.\nDenego curo rerum capillus cornu. Stips vinculum curvo admitto comburo venustas vado absum temeritas carmen. Attonbitus amplexus porro.', '2024-12-15 14:41:43'),
(130, 12, 26, 'Stella demo subseco itaque calcar adsuesco tabula chirographum. Apud incidunt sollicito decretum pariatur thymbra stips. Eaque terra ambulo demulceo vulgo curis complectus stultus natus certe.\nPeccatus tabgo adsum crudelis eos conatus. Despecto administratio amplexus desolo vobis ventus deprimo artificiose vestrum admoveo. Beatae aveho aperio crustulum vinculum vobis.', '2024-12-15 14:41:43'),
(131, 50, 26, 'Neque antepono thesis pecto trado totus. Ait desolo cura. Thermae cras adficio decretum traho vero agnosco culpo.\nToties corrumpo angelus. Soluta viridis caste anser terra fugit at cubitum. Aeneus depereo admiratio amaritudo derideo aliquam aestus.', '2024-12-15 14:41:43'),
(132, 34, 48, 'Tenus speciosus paens statim cum reprehenderit. Cornu asper uter inflammatio deserunt titulus ciminatio pariatur. Cubicularis verbera acer voluptates condico confugo cura clamo amo.\nSuadeo venia tepidus tergiversatio illum sperno. Creber vis caecus clam tempora vester textor stella territo patria. Civis sopor tricesimus.', '2024-12-15 14:41:43'),
(133, 49, 47, 'Vinum at viduo conitor cunctatio vae. Aeneus cibus vinitor victoria volva debitis. Sollers velociter cubicularis ambulo adduco conventus tres utrimque currus victoria.\nAudacia umerus annus corrumpo calcar spargo. Strues vereor aestus corrigo volaticus audeo. Temptatio laboriosam volubilis bis adipiscor cura vere clamo.', '2024-12-15 14:41:43'),
(134, 16, 23, 'Turpis paens quibusdam aliqua caveo demulceo. Vesco armarium blanditiis deorsum decumbo antea virtus. Cena pecco civitas vinco carbo deludo cometes maiores voluptates commodi.\nDelego coadunatio carpo. Utilis copia ars quasi derelinquo coruscus. Vergo eum tego quod caelestis cauda.', '2024-12-15 14:41:43'),
(135, 29, 38, 'Viduo adipiscor verus. Arbitro cupressus vallum voluptate statim similique thymbra. Sol demergo sponte.\nAdmitto pel demulceo speculum. Speculum vomica bardus artificiose sophismata magni facere. Sursum defetiscor vulariter terra comis cubicularis inventore adflicto vitiosus.', '2024-12-15 14:41:43'),
(136, 20, 38, 'Demens tristis distinctio. Coruscus damnatio casso brevis tabgo. Eveniet volubilis assentator patrocinor cunabula voluptate aestus dedecor subito vulgivagus.\nCohibeo spes volaticus. Cribro rerum certus ventus artificiose triumphus speciosus. Deludo cupiditas sol labore.', '2024-12-15 14:41:43'),
(137, 25, 40, 'Cotidie vociferor curia tabernus sumo vesper vindico vallum. Apparatus crudelis coruscus. Alias ratione depulso suus.\nCiminatio sed assentator. Cupiditas ante cognatus deleo ascit asperiores asperiores conitor consequatur. Summa decor campana animi umbra statim deputo utique quod.', '2024-12-15 14:41:43'),
(138, 11, 24, 'Infit thorax pecco clibanus voluptatum architecto attonbitus demitto solus viridis. Cupressus cribro ipsa sono cupio bos patria communis. Aurum absorbeo vomer tamquam corporis.\nUter assumenda tres arbor inventore ventosus utrum. Triduana patruus distinctio laboriosam thymbra averto carmen. Atrocitas conitor consequatur confido conventus compello suffoco.', '2024-12-15 14:41:43'),
(139, 27, 31, 'Accedo subiungo harum sto adversus crapula. Tergiversatio terror minima cupiditate caute aequitas. Corrupti debilito abstergo arcesso.\nArcesso alias cedo utique. Stella caterva validus. Summisse ex conservo adflicto denego alter voluptatum tum corrupti.', '2024-12-15 14:41:43'),
(140, 42, 20, 'Angelus aegrotatio ea expedita artificiose abduco aurum sumptus arto allatus. Tertius accedo desino. Tonsor venio temperantia cribro defleo voco decor facilis agnosco.\nAlii labore doloremque timor statim coepi adstringo iusto contabesco. Vulgivagus tribuo adhuc peior spoliatio adficio cibo cicuta suasoria cruentus. Summa defungo utroque vigilo spargo advenio.', '2024-12-15 14:41:43'),
(141, 45, 30, 'Excepturi repellat suffragium. Cumque alias claro clibanus impedit antepono. Autem acidus sodalitas maiores ubi varietas tracto tenus.\nReprehenderit somniculosus aedificium speculum una vulgus damno. Voveo tamen dolores viduo virga voluptates crebro. Facere id suspendo possimus ustilo delinquo.', '2024-12-15 14:41:43'),
(142, 19, 29, 'Solum turbo vel laboriosam. Aveho synagoga tergo delectatio decretum verbera nobis assumenda comminor. Possimus studio adeo utrum vomica acidus campana.\nConspergo thesaurus maiores amita ventito audacia. Hic ait sum tamquam charisma cur defluo audio. Labore cupiditate vomer conduco contra aegrus.', '2024-12-15 14:41:43'),
(143, 32, 8, 'Rem surgo surgo vacuus communis dolorum strues. Corrupti arguo nam aestas maiores tollo timidus dicta adficio. Adhuc alioqui deludo aperio tripudio quod vobis sumptus bestia tubineus.\nOptio volva crur carmen solum thermae voco debilito creta. Cibo vinum amet necessitatibus altus sint barba calculus ambulo. Utpote confugo tendo vicissitudo strues.', '2024-12-15 14:41:43'),
(144, 38, 47, 'Urbanus tertius aptus villa timor ceno asper doloribus. Sui caveo iste. Comis alter usque tumultus suus paulatim victoria comprehendo conforto.\nAgnitio crudelis crepusculum desolo similique denuo unde vado amplus tumultus. Decumbo quo velut deduco degenero tondeo carmen. Contabesco ver vox admoveo aut absum.', '2024-12-15 14:41:43'),
(145, 11, 35, 'Ipsa solio cursus. Vallum ancilla comprehendo contra caveo aeger ulciscor celebrer umquam turpis. Aranea auditor sum auxilium debitis.\nTurba aeger tepesco vox aperte. Vaco administratio crux deripio praesentium cunctatio stabilis. Temeritas tamisium trucido depono pauper crur maxime temperantia.', '2024-12-15 14:41:43'),
(146, 38, 21, 'Adaugeo adulatio tero pauper volubilis cursus. Caelestis viridis tibi utor thymum colligo. Vulgivagus delicate vir auctor in conforto animus ocer doloribus.\nAperiam tres cunae degero ambulo. Fuga color subseco decimus adipiscor tergum. Comis varius numquam aggredior ipsa communis defero.', '2024-12-15 14:41:43'),
(147, 35, 44, 'Vulpes sollicito damno. Spoliatio stultus alveus adversus adduco aptus acies damnatio. Creptio vapulus abutor tredecim creator sol tibi clamo excepturi coniecto.\nTamdiu at unus altus articulus catena adipisci dens. Valde talio umquam thymum aegre dedico pax patior odio. Eos thalassinus corporis suggero considero decumbo utrimque statim correptius vorago.', '2024-12-15 14:41:43'),
(148, 10, 32, 'Centum acerbitas compono occaecati. Verus adsuesco cariosus sit ademptio balbus patria causa arbustum. Angulus adsidue cubicularis inflammatio stella cupio vito solitudo triumphus.\nVulgo clarus illum patruus deprecator ventus molestiae exercitationem illum textilis. Adicio aequitas nesciunt thorax audax velit supplanto urbs. Commodi ad vaco timidus suffragium attero cervus aspicio tyrannus audio.', '2024-12-15 14:41:43'),
(149, 18, 14, 'Defluo ocer absconditus calculus quibusdam valens. Acsi turpis tondeo sunt. Alioqui asper vilis torqueo sublime valeo viscus vulariter.\nCalcar vulgaris doloremque eos suffoco veniam ventus celebrer vilis. Termes doloremque tego. Certus animus ars.', '2024-12-15 14:41:43'),
(150, 45, 43, 'Animadverto decor vespillo versus caput cenaculum. Clam ceno curis suadeo. Quibusdam aeternus defaeco officiis.\nMolestiae studio abutor barba. Umbra culpo exercitationem cunctatio ceno sumo comprehendo spero. Tersus adstringo ultio accusantium ad summa adipisci vis depromo.', '2024-12-15 14:41:43'),
(151, 30, 15, 'Expedita coniecto vilis. Vespillo cognomen administratio urbs. Succurro curatio somnus audeo cultura celebrer amplitudo suadeo illum.\nDenuo voco claustrum necessitatibus vivo. Aptus defluo virtus cito succurro cursim versus id. Adfectus cruentus sustineo depopulo ambulo consectetur coniecto consectetur.', '2024-12-15 14:41:43'),
(152, 4, 45, 'Aliqua officia rem thermae aureus accusator odio curo. Blanditiis cunabula pecto aveho corporis vulgivagus amplexus culpo. Aspernatur atrocitas curia animi averto tredecim tero.\nCubitum cerno auctor solutio capio verbum. Studio suscipit sollicito cognomen conspergo. Appello quis atavus dolores cuppedia administratio.', '2024-12-15 14:41:43'),
(153, 5, 20, 'Cupressus confugo decet damnatio corpus. Demoror deficio ventus. Thymum utrimque tres assentator ipsa cubo altus terebro vigor aperte.\nCreber sperno cupressus spargo pectus. Super tantum vestrum minus comes cogo torrens. Amissio cervus deleo reiciendis peior recusandae veritatis altus.', '2024-12-15 14:41:43'),
(154, 5, 36, 'Blandior dicta utilis tenax nobis demergo. Amoveo decipio spero pauci consequatur adsuesco deprimo recusandae. Tandem animi viduo vae adduco.\nVelut dignissimos adduco alveus. Sursum concido asperiores taceo avaritia corroboro substantia demulceo nulla. Pauper creo argentum alii adversus voluptatum at vilitas umerus.', '2024-12-15 14:41:43'),
(155, 27, 2, 'Crux excepturi temperantia compello curso quidem textilis peccatus. Arcus capio copiose creptio sequi virtus aeternus demitto. Thesaurus illo deinde summopere paulatim arx vinitor.\nSuadeo taedium tripudio talis aestus. Verbera carpo candidus carpo canis delectatio et vestrum cunabula. Ipsum pectus atavus victoria solio doloribus callide viridis.', '2024-12-15 14:41:43'),
(156, 10, 40, 'Despecto patior eius cur maxime modi conservo animus arto. Decet tergum cernuus molestiae amissio tristis magni. Stillicidium terminatio cunctatio tener.\nVoluptates tergiversatio eum derelinquo volaticus ustulo. Accusator defaeco tero dedecor venustas stips. Conduco certe usitas alias appono peccatus trepide.', '2024-12-15 14:41:43'),
(157, 43, 2, 'Auxilium thalassinus torrens vivo id animus. Avarus defessus incidunt quis soleo cado. Tergo deludo facilis solium consequuntur arx.\nSubseco demoror conicio illum accusator acsi torrens varietas adduco. Corpus sollicito doloribus corrumpo cohaero usque vergo. Vinum velum altus.', '2024-12-15 14:41:43'),
(158, 40, 31, 'Voluntarius paulatim valeo. Dens desipio aedificium voluptate arbor subiungo calcar complectus. Canis vesco surculus cetera avarus.\nVacuus magni crapula ver alter defero tertius cumque cernuus articulus. Tristis avarus celebrer sui toties combibo articulus ater. Strues aestas coaegresco decens talus corona vaco.', '2024-12-15 14:41:43'),
(159, 48, 17, 'Bibo caries defendo curis cenaculum cedo caecus verto. Spiculum ventito cunctatio cursus perferendis. Chirographum solvo depromo colo adamo temporibus corroboro texo.\nSummopere crastinus omnis. Curatio cotidie aestas tibi colo conicio casus talus volva. Voluptatum argumentum vorax careo cognomen supplanto defluo terror thymbra capitulus.', '2024-12-15 14:41:43'),
(160, 12, 48, 'Anser vinculum demum aedificium usitas. Depopulo tam comptus acervus terra confido attonbitus valetudo. Quibusdam temeritas cogito calculus titulus sperno absque labore cupressus admiratio.\nConsuasor derelinquo apto ducimus arto caute. Baiulus volo territo clam aestas tribuo deduco vinculum adamo tyrannus. Adstringo capto ultra compono accusator.', '2024-12-15 14:41:43'),
(161, 26, 22, 'Appono volo suscipit vulnus terga verus autem abundans. Adsum advenio demonstro crur. Quia speciosus compello cattus conventus abbas.\nRatione textus conitor ullam ut aliquid voluptas. Cariosus demergo aperte demens bellicus. Valetudo tristis voluptates cruentus tabgo culpa surgo aperio.', '2024-12-15 14:41:43'),
(162, 3, 47, 'Libero confero valde aggero carmen defleo turba. Thorax esse vesica subito tergeo quis audentia. Tonsor dolores explicabo votum conduco derideo.\nInflammatio statim rerum id deporto solitudo arceo adinventitias. Viduo adaugeo tutamen amo tutis. Vito spiritus bis conatus varius alii varius.', '2024-12-15 14:41:43'),
(163, 34, 29, 'Tum aperiam blandior aer comes vestrum. Bis solio voveo apostolus tam dolor. Voco succurro velut aeneus eveniet conspergo.\nTollo temperantia nemo maiores delicate defendo cognatus. Vita mollitia textilis armarium. Aperiam succedo beatus acceptus auditor cubicularis atqui caterva asporto.', '2024-12-15 14:41:43'),
(164, 3, 30, 'Apparatus sono compono aureus. Cavus quibusdam acerbitas ambitus iusto amicitia cuppedia aeger tero. Concido arma bellum ocer absorbeo vulgus depono truculenter.\nAnimadverto virgo comis verecundia. Adeptio admiratio conitor temptatio atrocitas verbum ratione commodo. Vos celebrer ars denuo vilitas.', '2024-12-15 14:41:43'),
(165, 7, 20, 'Demens dens patior omnis sollicito alo. Enim sono fuga spiritus theca. Delinquo tutis ultio administratio.\nAer optio demonstro tabesco aperiam sed asporto aeneus subseco turba. Desino aveho mollitia coma adiuvo capio comptus. Appello vulgivagus coepi temptatio avarus umbra demergo.', '2024-12-15 14:41:43'),
(166, 9, 31, 'Tunc sollers debilito acidus cernuus molestias. Molestias theca carbo somnus vulgaris sulum vorax tot thesis triumphus. Vicinus laborum adulatio desolo deorsum creator caute accusator vulpes armarium.\nCampana annus usitas uterque eum claro dolor nulla enim. Suscipit suppellex vulgivagus. Tero aliquam thorax sint odio.', '2024-12-15 14:41:43'),
(167, 2, 11, 'Vigilo suffragium absconditus vilicus quasi tero casso caecus utroque deputo. Sol asperiores defessus correptius cinis sono ambulo copiose coadunatio valde. Beatae bos admoneo somnus defungo arguo thalassinus delicate creator.\nAverto demo coruscus defluo. Cado tolero complectus peior somniculosus casso magnam peior casso strues. Vindico debilito impedit virgo ver doloremque deinde.', '2024-12-15 14:41:43'),
(168, 44, 10, 'Canis ad aduro conforto degero thesis creta sint. Similique caterva voluptatum desparatus vulnus depono ambitus. Comminor ver amplitudo minima apostolus.\nTepesco volaticus usitas sumptus turbo vitae. Cultellus solum caput trado tamquam depulso. Bellicus aspicio cuius architecto venia sordeo.', '2024-12-15 14:41:43'),
(169, 33, 50, 'Trepide concedo basium tempus cauda ad repellat. Arx degero aegre. Undique curtus cito cuius tergo color accusamus talus triduana.\nCausa vulticulus vos pax arx. Officiis vigilo suadeo volutabrum. Desino defessus collum callide totam demergo pectus arto.', '2024-12-15 14:41:43'),
(170, 46, 21, 'Nemo recusandae sunt vorax adeptio molestiae molestiae. Vergo utrum debitis super conqueror conservo textilis corroboro. Curiositas ascisco amplus deorsum iusto vulgaris sopor.\nVerbera vulariter temptatio nemo administratio sopor ventosus. Abbas unde compono umquam doloremque trepide conservo. Ascit cupio votum cerno tamdiu termes officia tabgo cicuta.', '2024-12-15 14:41:43'),
(171, 3, 7, 'Sopor aurum adnuo bardus adiuvo rerum. Delicate acies corporis recusandae coma facilis aliqua ciminatio. Dicta defetiscor tergum talio arcesso.\nStatua curo attollo tactus. Inflammatio tamisium suffoco. Beatus alveus aperiam laudantium acervus tabella subnecto conatus conspergo.', '2024-12-15 14:41:43'),
(172, 27, 11, 'Adipisci theologus solio acceptus pel suscipio temptatio molestias canto. Tempore addo vulgus theologus atrocitas trepide caries absens volubilis crinis. Repellat tamdiu usitas delectatio usitas adnuo totidem comedo.\nTerminatio delectatio crustulum nam aeger voluptate repellat iste. Pecto coadunatio casso vulpes. Subiungo summa atrox vorago thalassinus laboriosam terreo amoveo bene apostolus.', '2024-12-15 14:41:43'),
(173, 24, 48, 'Careo aeneus subvenio provident assumenda curso ocer caute vomica cruciamentum. Derideo nesciunt tametsi. Defessus catena deprimo truculenter valeo ad consectetur varius desino pecus.\nAdhuc solitudo rerum civis vestrum calamitas. Curo tracto vir centum supra tardus terra omnis fugit. Conservo arcus ventito stultus coerceo somniculosus decumbo.', '2024-12-15 14:41:43'),
(174, 2, 20, 'Benigne conqueror vulgus adipiscor admoveo delibero cognomen amicitia. Paens ara curriculum vespillo conduco. Maiores utilis aestas delinquo solvo demens defungo stips concido alioqui.\nSopor suscipio credo deinde tyrannus ars veniam angustus. Adeptio arcesso sumo bestia dignissimos benevolentia ustulo timor villa cursim. Cubicularis arx vinculum velit eum claro.', '2024-12-15 14:41:43'),
(175, 43, 30, 'Vallum cogito arbor acerbitas labore desidero vado cetera balbus accusator. Statim surgo crebro. Adduco appositus depono vinum.\nTemporibus talus caterva sumptus virgo illum subnecto. Arx facilis adfero quas conturbo. Summa beneficium clibanus civis adhaero strues volo.', '2024-12-15 14:41:43'),
(176, 15, 41, 'Ter texo bellicus vicissitudo. Expedita victus veritas crur neque. Valeo accusator truculenter ager curiositas temperantia consuasor.\nSpiritus unde crur via nam accedo abstergo adsuesco versus iusto. Animus cinis aufero cotidie cui cognomen cura. Sunt adflicto aspicio ustilo comptus alter thorax placeat delectus cauda.', '2024-12-15 14:41:43'),
(177, 20, 37, 'Comptus distinctio vulgo aduro conculco suffragium supra confero abeo solitudo. Stultus delicate tametsi vergo ante calco claro. Attollo defleo despecto tamen terra spoliatio adulescens amplexus.\nMaxime paulatim nostrum subiungo anser viscus. Ambulo defaeco thermae derelinquo creber harum vesica. Admiratio decimus commemoro fugit tamdiu tollo canto.', '2024-12-15 14:41:43'),
(178, 30, 3, 'Consequuntur basium aeneus tergeo adfectus. Aegre adicio crur spiculum quasi triduana apud. Ara sono censura convoco.\nCito ultio vitae minus ad agnitio nobis aeger. Taedium balbus blanditiis. Amoveo alter tener speculum crapula tondeo alias deprecator absens tametsi.', '2024-12-15 14:41:43'),
(179, 40, 39, 'Canonicus theologus tendo considero chirographum decens enim. Venio cauda sapiente cupiditate absconditus. Copia desipio accedo sapiente vestrum capio auditor.\nVulpes demergo annus tergiversatio. Termes talio venio aranea triduana. Sonitus modi dapifer varietas venustas.', '2024-12-15 14:41:43'),
(180, 18, 15, 'Aranea tracto patior odio. Thema cogo theologus. Aqua sortitus adduco appono magni caelum maiores amplitudo decimus.\nPecto sumptus traho vita alveus atavus adimpleo colo clibanus. Tumultus spiritus adfectus capto cattus. Stipes decipio virga teres defetiscor succurro cunae adopto uxor nostrum.', '2024-12-15 14:41:43'),
(181, 48, 38, 'Universe succedo qui candidus curto terga tandem vae tui. Stultus desidero volo error harum conduco. Necessitatibus deprimo vergo crebro catena voluptate temeritas victoria concedo.\nTemptatio sursum balbus crinis cursus cariosus casso triduana arguo iste. Stipes agnitio defungo eveniet sapiente certus aggredior triumphus vespillo civis. Aliquam deprecator sono.', '2024-12-15 14:41:43'),
(182, 10, 35, 'Attero aequitas amitto solutio delicate ago harum infit. Tondeo video cervus beatus. Arceo occaecati modi totus triumphus.\nVespillo demoror terra verto. Patrocinor cupio nulla curiositas turpis suppellex ustulo theatrum canis. Vorax caterva inflammatio.', '2024-12-15 14:41:43'),
(183, 49, 11, 'Crepusculum decipio vox verto teres adsum. Curvo vilicus tenus supellex argentum volva iste temperantia administratio. Officia tergo statim.\nSolum ipsam adulatio capillus porro assentator conatus compono cedo contigo. Candidus callide sint. Audio distinctio desolo acidus super.', '2024-12-15 14:41:43'),
(184, 14, 22, 'Tabella teres ducimus dolorum supplanto totus templum. Concido coniecto vulariter. Commodi textus congregatio volva arbitro timor adficio amicitia.\nVilicus careo dolorum approbo canis crepusculum claro tamquam. Nisi hic annus virgo tantum amiculum. Nobis perferendis optio sopor inventore.', '2024-12-15 14:41:43'),
(185, 1, 27, 'Commodi ipsa casus. Facilis voluntarius voluptate. Cuius autem beatae vinum fuga cito exercitationem.\nSub deprimo in ipsum carpo cum audeo strues caput. Tergo alter sordeo temeritas sollers cetera minima velit vulnus aliquam. Currus tenetur ater arbustum statua adeptio voluptas corona.', '2024-12-15 14:41:43'),
(186, 18, 20, 'Aiunt laborum audeo at temperantia ait. Quibusdam vulnero usitas adsuesco. Summopere atrox accommodo aranea creptio crux.\nUrbanus tepesco talus admitto reprehenderit fuga. Armarium addo aqua denique demo admitto vorax ater. Sordeo certe bis natus.', '2024-12-15 14:41:43'),
(187, 41, 33, 'Magnam complectus vinco decens tres desparatus convoco aequus. Terebro cernuus dapifer succurro ustulo solus. Curto coniecto adimpleo decimus.\nCohibeo crastinus depromo crebro amo sustineo suffoco culpo utpote defetiscor. Summopere depraedor degero dens soluta vester adopto cognatus umerus solum. Corroboro a studio ipsa audax.', '2024-12-15 14:41:43'),
(188, 5, 10, 'Termes cunae reiciendis soluta derideo demo cursus. Ancilla varius spero nam incidunt cribro recusandae ipsa vergo non. Calculus corrigo atrox earum.\nEt crebro auxilium sulum adsidue conscendo tripudio curatio quis cogo. Vero conforto cribro utique asper tunc aggero sint. Admitto depraedor coruscus tristis cuius trado.', '2024-12-15 14:41:43'),
(189, 1, 36, 'Umerus vere viduo delicate texo tenus architecto. Cilicium carbo attero attollo contra supplanto adulescens deludo crustulum vulgus. Confero audacia celebrer collum volutabrum.\nCreo cado stillicidium patrocinor adsum earum crustulum. Certe acsi odit appositus spero nostrum veritas vinculum. Acidus fuga cursim clarus dedecor cernuus caecus vos.', '2024-12-15 14:41:43'),
(190, 10, 30, 'Articulus carus administratio cura delego. Appositus crepusculum bardus cum. Delibero antea cras.\nUtrum dicta depraedor volaticus. Anser anser utor dicta odit vulgaris cedo bellicus antea. Debilito amet subvenio accommodo alienus inventore tam quae.', '2024-12-15 14:41:43'),
(191, 1, 28, 'A alioqui ager appono. Iure exercitationem copia numquam apud carpo sortitus delectatio coaegresco. Suffoco crux bestia delibero synagoga utroque.\nAmbulo cunae caute artificiose iste cohors apostolus cras pariatur appositus. Utroque charisma cumque. Canis vergo concedo approbo.', '2024-12-15 14:41:43'),
(192, 41, 34, 'Cicuta quae coma. Valetudo enim tristis caste tener auctus. Blandior aperio alioqui.\nTenax calcar adhaero vetus. Angustus tredecim veritatis civitas calcar repudiandae vulticulus creator. Adficio carbo demoror molestiae ceno benigne dignissimos spoliatio certe.', '2024-12-15 14:41:43'),
(193, 42, 19, 'Thalassinus conculco teneo tabgo antepono peior bonus demitto spoliatio surgo. Suadeo claustrum antiquus. Aureus tui accusantium architecto.\nChirographum depopulo vicinus doloribus velociter defungo ver. Suscipit vacuus adsidue video volva magnam assumenda sulum conturbo demo. Vigilo ut ago corpus subvenio ascisco similique solus tertius.', '2024-12-15 14:41:43'),
(194, 3, 32, 'Bardus deputo corrupti derideo vitium acer aegrus allatus aspicio capio. Error aliqua caritas capitulus delego. Velociter vulgaris crinis ipsum alias cito strues utrimque.\nDecretum credo uredo patior labore suffragium decor tendo desparatus optio. Verbum arma benevolentia demonstro correptius coma. Ex numquam adnuo delicate.', '2024-12-15 14:41:43'),
(195, 24, 31, 'Vetus annus vivo. Aspernatur attero vester vigilo voluptate repellat culpa anser tumultus soleo. Iure aptus strues uberrime communis dens adopto tubineus adipiscor culpa.\nTempora taceo spectaculum. Unus clibanus bardus vulgivagus utroque suspendo terebro conitor odit. Veritatis cribro conforto amet bibo velum.', '2024-12-15 14:41:43'),
(196, 44, 2, 'Deserunt aliquam pecco verecundia virgo trucido cetera tunc depromo. Qui adnuo accusator atrox amiculum. Amet vehemens vulgus.\nAgo torrens terebro calco dapifer calco antea somniculosus ad canis. Quod depraedor tabgo vomito adfero. Paens tabella sunt.', '2024-12-15 14:41:43'),
(197, 48, 44, 'Vomica accendo constans apostolus. Subito brevis autem tolero denuo tum adulatio. Coruscus sto colligo ratione suppono delego carcer commodo.\nCrebro cuius contego solutio patior dolore accusamus velut. Angulus cunctatio ver arbustum armarium curto. Creber tabernus a.', '2024-12-15 14:41:43'),
(198, 18, 5, 'Voluptates eum soluta aer decens ustilo vero aliqua aranea. Possimus decor crustulum. Temptatio debitis supplanto adipiscor adfectus sollers calamitas comis.\nPecto vomica vicissitudo angustus sursum ambulo. Vulticulus debeo et abundans adinventitias decipio adflicto caries. Uterque tabella antiquus vitae.', '2024-12-15 14:41:43'),
(199, 21, 46, 'Adficio cunae debeo socius ventus abstergo vespillo delibero callide talus. Quaerat aptus urbs calculus vaco cresco cernuus vomer tempus. Infit deripio cunae carcer statim commodo cumque.\nVestigium cupiditate statim triduana animadverto enim damnatio demo. Rerum adficio solutio asper denuo. Stella conor texo sui crepusculum amiculum demoror tubineus ago.', '2024-12-15 14:41:43'),
(200, 5, 29, 'Deficio aegrotatio spiritus molestiae tantillus conor crur termes. Thesis arbustum cilicium adipiscor arbustum vis via barba quas odio. Torrens debilito velit adstringo repellat tricesimus verbera speculum comedo dicta.\nExpedita consequatur xiphias molestiae comedo vinculum adsidue. Harum vesica conitor tandem aspicio tabella ulterius soluta. Vesco trado quos testimonium celer.', '2024-12-15 14:41:43'),
(201, 39, 32, 'Cavus uredo varius sit celo arca voluptatibus pectus universe. Coruscus suus sit at ait comminor vinitor. Deripio succurro libero supplanto casus totus thalassinus.\nVoluptatum capio bonus conicio sollicito ultra amicitia acervus. Caecus tamisium cohors arbitro sui accusator suscipio contabesco copiose spes. Tergeo summopere crapula coaegresco demitto.', '2024-12-15 14:41:43'),
(202, 14, 16, 'Suppono delego cribro talis depulso tutis ciminatio. Charisma vilicus cibus adversus aspernatur admoveo coadunatio adstringo temporibus. Carbo abscido vesco admiratio.\nVilicus laboriosam summisse unus aestus. Confido sit modi benigne. Crux causa commodi viridis venia amoveo maiores.', '2024-12-15 14:41:43'),
(203, 1, 38, 'Amplus acerbitas impedit calamitas decerno vulnus optio sol pariatur suffragium. Apparatus tenuis corporis cedo undique terga theologus. Chirographum convoco abstergo caecus brevis deduco.\nMinus atavus ver comparo. Trans ustilo voro desino delinquo similique universe creo. Sufficio abscido carus suggero commodo fugiat quod auxilium civis.', '2024-12-15 14:41:43'),
(204, 42, 16, 'Aranea solvo talio defendo ipsa error. Cubicularis soluta thema delectatio casus. Aedificium tantillus caveo varietas verbera.\nDemitto adfectus aequitas cicuta succedo. Comes canto canonicus voluptatem succedo vulariter. Quo patruus claustrum.', '2024-12-15 14:41:43'),
(205, 37, 15, 'Strenuus constans officiis delectus nemo eos atque. Verto terror triduana autem tego cura. Desolo thymbra cotidie cado verumtamen aut natus vulgus altus.\nSuppono quaerat uredo. Corroboro tristis thymbra temporibus carcer clibanus agnosco maiores solum rerum. Avaritia basium tepesco suppellex sol.', '2024-12-15 14:41:43'),
(206, 37, 49, 'In crux saepe. Celo surgo vesper aeger thermae atque unde. Surgo tredecim utrimque caries sequi error.\nTandem vulnero ipsum sublime torqueo tantum caecus. Aperiam quam velut eaque adopto tolero vado vorax. Vivo thesaurus demitto umquam nesciunt ab aqua.', '2024-12-15 14:41:43'),
(207, 40, 41, 'Creber tendo verbum. Speculum abutor color veritatis. Angulus delinquo taedium iure peior arto.\nAeternus varietas auctus vorax nulla. Vitiosus sono distinctio. Unus defetiscor quos nemo aggero coniuratio tempora.', '2024-12-15 14:41:43'),
(208, 3, 29, 'Appello eligendi et carcer cupio cervus valeo unus. Adaugeo comparo tergum tepesco calculus congregatio. Ciminatio desparatus thermae.\nAmor coaegresco approbo cras usque ater inventore vetus corrupti. Arx peccatus volutabrum. Vapulus alius magnam tametsi validus aequus victoria maxime.', '2024-12-15 14:41:43'),
(209, 38, 26, 'Aequitas vociferor demum tametsi amor super tergeo virtus tempore statim. Casso assentator summa velociter celo voro. Undique verbera culpo cognomen terror supra.\nEt ulciscor color cubitum sopor arx sursum sumo. Et deputo denuo quibusdam esse spes. Atavus sequi tego verus.', '2024-12-15 14:41:43'),
(210, 22, 10, 'Rerum crudelis tutamen tener tricesimus terga adamo cerno sodalitas aer. Bos synagoga cenaculum curvo tondeo tamquam earum. Absconditus tandem cohaero placeat arma claustrum peior depereo suppono.\nSolitudo arguo supellex iste assentator infit vociferor temptatio. Voluptas stips aeternus. Aggredior aut comes tamisium vis similique reprehenderit socius iste degero.', '2024-12-15 14:41:43'),
(211, 8, 30, 'Adduco audentia non eos aperiam dolorum aranea alius. Charisma aeger vulgivagus terga tergeo adipiscor. Thymbra victoria voluntarius molestias desino coniuratio usitas.\nOdit ceno acies crapula tergo calculus cito carbo cumque caritas. Abutor illum ago thema caterva. Eaque spargo curis adhuc termes absum error.', '2024-12-15 14:41:43'),
(212, 15, 9, 'Pauper thesis sunt speciosus adaugeo strenuus caterva ciminatio. Uberrime suffoco quo tametsi caelum crepusculum peccatus annus cresco. Thema tepidus utroque cerno vigilo.\nPatior titulus subito tendo antea. Animi qui neque vester aequitas cornu amaritudo. Curis vis spoliatio vir tripudio.', '2024-12-15 14:41:43'),
(213, 30, 48, 'Enim comprehendo absconditus conculco. Turbo adduco administratio natus placeat attero coadunatio deprimo adsuesco vulgivagus. Antiquus careo vivo impedit deduco bis alius calculus correptius.\nClaro bestia statua absconditus nihil centum agnitio adipiscor sperno. Socius adversus sophismata cupiditas. Adicio damnatio animi testimonium aperte architecto angelus ventosus utpote.', '2024-12-15 14:41:43'),
(214, 12, 33, 'Altus texo tergum creptio suppono audax tredecim acervus sulum allatus. Conspergo totam minus validus aureus neque atque. Trans artificiose accedo solutio viscus tondeo pectus.\nDefendo cumque appono arguo strues concido turba. Acervus libero absque molestiae solutio consectetur denuo armarium tracto. Damno spiritus supellex sursum.', '2024-12-15 14:41:43'),
(215, 13, 30, 'Sumptus sed sophismata natus. Atavus socius aureus ascisco basium pax. Fuga alii congregatio spiculum sto arcus casus congregatio spiritus usque.\nTurba ustulo velit repudiandae thesaurus ustulo conatus arcesso. Bestia fugit armarium abutor adulescens cito pariatur decumbo apostolus. Collum curia fuga vomer suscipio vilis.', '2024-12-15 14:41:43'),
(216, 20, 7, 'Acquiro tepidus crepusculum. Attero sortitus volutabrum advoco maxime. Speciosus vel deserunt suscipio.\nAmplexus conspergo peccatus alo speculum triumphus deficio turbo. Carpo barba verumtamen strues. Incidunt annus solus creo solum quo.', '2024-12-15 14:41:43'),
(217, 28, 16, 'Decumbo amitto demens degero tamisium theologus nobis despecto aedificium. Depereo comptus conduco deleniti nam. Aduro collum placeat cursus aliquid cupiditas.\nTorrens sublime denuo peccatus clementia adinventitias thesaurus villa. Amplexus delectus spiritus pel repellendus vos a astrum. Auctus strues adsuesco confero defaeco acidus demergo quis.', '2024-12-15 14:41:43'),
(218, 21, 41, 'Ex benigne blandior adopto aut aegre cura volutabrum tandem. Balbus aliquam sodalitas vita universe virtus arca absorbeo. Acervus armarium crustulum tumultus torrens vesper.\nTextor clarus laudantium absorbeo atrox. Aegre cito teneo demoror tricesimus. Cultura aer autem aperte cibus desolo.', '2024-12-15 14:41:43'),
(219, 19, 50, 'Voluntarius dolor sursum taedium suus cogito exercitationem. Truculenter talis tantum venia hic supra denuo cedo conspergo. Aer villa tero commodi.\nVomito crudelis thesis explicabo tempora sol. Taceo terga cetera viscus. Timidus tendo tabesco cinis.', '2024-12-15 14:41:43'),
(220, 17, 28, 'Antepono accusator solvo chirographum sortitus cinis dolorem. Aptus expedita delectatio ciminatio damno. Ipsa cubo utilis vorago denego curatio.\nBis tremo optio coepi subiungo vitae suppellex. Caecus animi ut cavus curso velut suppono stillicidium timidus. Toties suspendo testimonium deporto aedificium vitium adiuvo.', '2024-12-15 14:41:43'),
(221, 29, 7, 'Comis succedo dens ustilo verbera sonitus aggero. Cunabula decens statua turpis toties desidero tibi. Verbum verto facere.\nTum undique compono terebro pecco una cur. Adamo cras libero dolorum iste cernuus capto cupiditate. Patruus appono amplitudo autus antepono accusator ducimus comptus vulgaris.', '2024-12-15 14:41:43'),
(222, 13, 25, 'Exercitationem cruentus temptatio virtus. Aggero certus cur viscus agnosco. Minima uterque color.\nCauda arceo commemoro temperantia demens id. Thesis demonstro defluo traho carbo dedecor copiose denuo cibus. Valetudo adfectus vis coma voveo.', '2024-12-15 14:41:43'),
(223, 36, 45, 'Temperantia apostolus stipes sono textor absorbeo cetera summopere aliqua. Communis appono sublime esse. Bibo templum vix quis aequus advoco virtus compello aperiam.\nError denuncio conforto depono tenetur custodia defaeco adfero modi patrocinor. Curo timidus creptio sum thermae terra ducimus terreo vito. Coma tremo animi spes.', '2024-12-15 14:41:43'),
(224, 39, 40, 'Teneo aqua compello termes libero saepe deprecator suasoria depulso. Capillus tamdiu attonbitus tam cilicium. Ipsa summopere patruus.\nCernuus vorago acidus conventus thermae adsuesco condico aegre amor adimpleo. Avaritia adiuvo anser tendo cubicularis aggero voluptas est catena cubicularis. Convoco tenuis coerceo suadeo solus auctor amet caveo audax.', '2024-12-15 14:41:43'),
(225, 3, 34, 'Timor valetudo auxilium appono valde. Aufero tametsi utrum vigilo valde abbas careo talio. Commodi amplexus thema labore.\nVictoria studio vitium callide communis vis. Deludo suasoria adiuvo aufero. Pariatur dolores fugit comparo.', '2024-12-15 14:41:43'),
(226, 19, 27, 'Conitor tergiversatio vulgivagus vesper capto tamen. Adflicto sint conventus depulso. Dolorum dedico sequi admoneo dolor vulgaris vitae bene sophismata laborum.\nDerideo callide supellex. Arbitro territo quasi perspiciatis bardus deleo vinco. Cruciamentum tutamen appositus cognatus decet.', '2024-12-15 14:41:43');
INSERT INTO `posts` (`id`, `threadId`, `authorId`, `content`, `createdAt`) VALUES
(227, 46, 3, 'Tutamen curo ut supplanto usque ex abduco claro beneficium. Pax verto alter umbra caelum usitas paulatim. Accommodo damnatio conicio tenuis nostrum teres sub.\nAnimi angulus enim creptio ater sufficio. Audacia vos sui ullam coerceo coma. Aedificium decipio spiritus curis socius adficio triduana.', '2024-12-15 14:41:43'),
(228, 9, 26, 'Contego vesica verbum appono depereo crepusculum celo abeo. Thesaurus tepesco solutio vulnero demens vix. Aer facilis sortitus credo tamisium.\nCenaculum solitudo cado suffragium ipsum subseco bardus theologus timidus. Catena studio tamquam odit ultra vulticulus. Curatio suppono creptio absque vitae bellum cernuus confugo corporis.', '2024-12-15 14:41:43'),
(229, 33, 9, 'Eius soluta aufero adicio utor architecto acervus dedico. Ait tabella conturbo cruentus agnitio decens convoco. Accusantium curia summopere.\nSubseco deludo totus consuasor subseco. Defleo sonitus curia viscus. Cum provident capitulus similique.', '2024-12-15 14:41:43'),
(230, 37, 5, 'Theatrum utpote dignissimos reprehenderit vomica defessus angustus. Allatus curiositas tracto ea utique vitiosus defendo tyrannus arcesso. Pecus adstringo tollo suus.\nPel vestigium veritas uterque debitis supplanto colo temperantia. Corrigo conforto textilis verecundia victoria demonstro succurro abundans. Laborum viscus spargo attero.', '2024-12-15 14:41:43'),
(231, 47, 6, 'Tersus solio tero sono valetudo vulgo accommodo utique. Perspiciatis usus molestias vapulus ars aetas tabgo. Aegre arca casso amo confugo tempus impedit thermae tempora.\nTerga abutor copiose aduro tunc comminor solium damnatio tondeo debitis. Bardus curia amiculum. Virga arto celo similique paulatim autus nemo.', '2024-12-15 14:41:43'),
(232, 12, 22, 'Arx absum vulgus pel utilis solutio curo. Communis tabula debilito sodalitas velut nobis. Celo thalassinus vulpes vito aro colo nisi utroque.\nPossimus campana speciosus. A tepesco ver. Tenus spes tardus fugit attonbitus cubo vis.', '2024-12-15 14:41:43'),
(233, 17, 30, 'Aspernatur consequatur fuga ipsam. Amicitia chirographum assentator bardus sum argentum cuppedia. Ager deludo vulticulus delectus magnam administratio deinde dedecor comedo aetas.\nCado illo deprecator celer. Ullam arbustum tepidus tergum tabernus desipio crudelis. Triduana tempore quia apto ocer adeptio enim.', '2024-12-15 14:41:43'),
(234, 41, 16, 'Caterva amicitia voveo maxime conturbo apto carbo aliquam adversus. Virtus vester demergo uxor tyrannus optio sequi sapiente cicuta xiphias. Laudantium considero cedo.\nUlterius tot reprehenderit convoco color quas villa subvenio reprehenderit. Absque teneo solvo aestus alienus ea aeneus cogito caste verus. Defetiscor creator agnitio.', '2024-12-15 14:41:43'),
(235, 43, 49, 'Victoria tego sumo vapulus denique accusator tabgo viscus cupiditate totam. Nobis civitas vinitor acidus. Adflicto error itaque vulticulus speciosus commodi tergeo damnatio.\nStabilis vetus color terror paens reprehenderit contabesco accusator caput. Tantum comptus demergo tollo illo voluntarius universe turbo stips. Delinquo subnecto clementia tabula spargo undique ante vix.', '2024-12-15 14:41:43'),
(236, 21, 20, 'Ultra auctor volva beatus. Vorax ambulo vulariter desino vinum vorago. Aduro aeger surculus quas conculco ciminatio denego.\nBene voco stabilis valeo. Advenio dolorum benevolentia texo vulgaris animi conforto. A sui appositus arca charisma adhaero admoveo deficio.', '2024-12-15 14:41:43'),
(237, 32, 16, 'Vox trado desidero. Consuasor aequitas somnus defluo. Derideo attollo valde audeo sed velut deputo.\nDapifer benigne consequatur. Avaritia uxor abscido desolo apto appono. Odio eveniet xiphias adicio non vulnero voluptatum terga vigor.', '2024-12-15 14:41:43'),
(238, 37, 1, 'Tonsor umerus suggero tenus cenaculum est. Vos ratione ubi hic audentia. Eveniet ademptio tergiversatio una debeo venio vacuus.\nTerminatio beatus tracto abduco aedificium compono audacia audacia. Damno ad triumphus degero suasoria utpote numquam creptio infit. Victoria laboriosam amaritudo.', '2024-12-15 14:41:43'),
(239, 40, 34, 'Arx tibi expedita uredo comparo vita hic. Crudelis deficio defetiscor suffoco. Demitto curtus cohaero adeptio desidero iste.\nUnde vitium laudantium desino canis corroboro vester statua tantillus videlicet. Ascisco animadverto aperiam. Cetera tot acervus subseco.', '2024-12-15 14:41:43'),
(240, 26, 29, 'Unde tristis cribro capio animi auctus caveo eius. Accendo minima denique termes cursus supra compono voro. Talio atqui vitium texo coadunatio fuga casus thalassinus.\nArbor distinctio arca stella pecus convoco quis. Adipiscor abeo aer iusto velut. Enim thalassinus stabilis balbus.', '2024-12-15 14:41:43'),
(241, 50, 30, 'Acerbitas vivo aedificium debeo abstergo creber. Repudiandae tempora conicio nobis cervus deripio deludo agnosco cunabula tamdiu. Civis vulpes laboriosam culpa in degero tenuis.\nTextus defetiscor magni vilicus ad. Denique arbustum est cunae temeritas. Armarium sordeo crastinus demergo corroboro tamdiu crudelis adopto arguo.', '2024-12-15 14:41:43'),
(242, 27, 6, 'Vilitas consequuntur decet solitudo. Apparatus paens bellum consequatur praesentium non. Sol ocer thymbra turba earum ut.\nDesipio reprehenderit spes cupressus ratione thesis crastinus tersus crinis. Ventosus cur amplitudo quaerat. Utilis bellum arca cotidie autus abutor quae umquam adopto.', '2024-12-15 14:41:43'),
(243, 22, 15, 'Aer desidero taceo uterque beneficium. Natus solus solio ver thymum vilis. Tertius strenuus antepono aqua denuncio auctor ademptio iure vicinus cilicium.\nSuffragium quibusdam cetera comparo claudeo voro excepturi aufero. Sonitus tantillus sto victoria communis allatus. Vix taedium caelum temeritas porro approbo amita calcar sint.', '2024-12-15 14:41:43'),
(244, 11, 8, 'Depopulo tonsor cubicularis tego. Paulatim caput cernuus apparatus cena nam decor. Cimentarius comptus sustineo decipio coma arbor adsuesco cimentarius demens sursum.\nVetus beatae adversus sollers compello paulatim utrum cresco pauci temeritas. Suppono mollitia arceo subseco ventus aequitas alo vomito adiuvo. Crebro consequuntur sunt supellex.', '2024-12-15 14:41:43'),
(245, 41, 8, 'Depulso vaco celer quam adhuc anser adhuc. Vorago inventore vitiosus abduco cinis blanditiis adnuo tui. Eveniet thema curia abundans vestigium demens.\nUsque bene vigor ab adeo. Temperantia uter ulterius demitto veniam decet deorsum clibanus volubilis sumptus. Spero tenetur vaco ara distinctio pel placeat terebro volup appono.', '2024-12-15 14:41:43'),
(246, 2, 4, 'Absum corrupti pariatur quis alii allatus amaritudo vesica templum. Alter spes teres acer thema occaecati acies. Vitae confugo apto.\nSuper adfectus bene stipes creta summisse aspernatur turba. Cupiditate adsidue nobis asperiores vinculum vorago deduco abstergo decumbo. Arcus coadunatio accendo aestus vulgivagus vomito conforto curriculum ciminatio.', '2024-12-15 14:41:43'),
(247, 22, 3, 'Balbus sortitus catena carmen auxilium depopulo. Caelum nostrum versus bellicus tempora una quod vitiosus defetiscor. Ipsum depereo carcer harum.\nCarpo decor volva acquiro. Tergeo summopere suscipio arbor ceno tardus crux vesco cometes canonicus. Charisma cedo claustrum certus.', '2024-12-15 14:41:43'),
(248, 44, 14, 'Deorsum adversus non maiores sapiente deporto vis. Teres absum vomito. Adipiscor curvo depraedor quisquam careo aeneus.\nAbduco callide tempore. Vomito termes canis crux. Dolores creta animadverto vestrum stipes.', '2024-12-15 14:41:43'),
(249, 34, 42, 'Sapiente suppellex ademptio temporibus natus. Thermae arx teneo vociferor ago tego deripio libero clamo. Ventosus repudiandae cavus attollo denique stips varius contra anser torrens.\nArma thorax thermae vicissitudo vigor utrum voluptatum. Cicuta territo auctus doloribus labore. Argentum nulla a atrox despecto cur.', '2024-12-15 14:41:43'),
(250, 30, 44, 'Textilis coma carus ascit sunt alioqui. Curiositas patruus adfero mollitia vilicus cena coepi sponte dignissimos. Caritas stips adsidue termes beatae annus id.\nAdeptio unde crapula barba credo canto. Aperio acer thymum enim adversus nostrum consuasor at cito accusator. Velociter apto quod assentator vomito depereo sub patruus summisse alo.', '2024-12-15 14:41:43'),
(251, 28, 10, 'At campana sustineo alioqui curvo molestias. Tener antiquus communis. Officia in viscus averto capto ex pauper agnitio ago paulatim.\nDelectus demitto quam comedo tabula suppellex truculenter ventito vulgaris. Iure sollicito aurum rem unde comptus. Aer eum approbo error.', '2024-12-15 14:41:43'),
(252, 20, 37, 'Cunctatio curto thema spes caecus illum deinde aliqua paulatim volo. Nisi timor adsuesco conor accedo vulariter curso alienus vix. Impedit vitae crapula vallum.\nCedo terebro pauci debeo tergiversatio spiritus. In atavus delectus deleo minus tempus et caries saepe ter. Capio illum utroque addo.', '2024-12-15 14:41:43'),
(253, 12, 39, 'Perferendis corrumpo adeptio. Sub administratio debitis beatae balbus demergo. Aperiam vesco terra denique adfero delectatio confero.\nDolores ex dicta copiose. Vorax degusto coepi solio arto validus depereo tenetur vir. Aegrus cilicium valde viridis vorago vapulus strues compono tredecim quaerat.', '2024-12-15 14:41:43'),
(254, 13, 28, 'Culpo condico tricesimus aegrotatio absens quis utique valde usus. Blandior defaeco usus comprehendo corroboro. Tempora decimus aurum reprehenderit stella tametsi crebro ustilo auxilium calamitas.\nAbutor aperio expedita explicabo villa caries aufero stella. Corrumpo tactus ventus sint timidus angulus sollicito undique. Volva conspergo comitatus.', '2024-12-15 14:41:43'),
(255, 12, 5, 'Succurro nostrum valetudo vesica pariatur. Demulceo cerno est capillus amitto acervus succedo defetiscor claustrum. Adsuesco alii ultra.\nAegrotatio conor coniuratio pauper nihil barba. Totus alienus perferendis suus spiritus subseco. Textilis cuppedia acquiro comitatus audentia alveus.', '2024-12-15 14:41:43'),
(256, 13, 3, 'Argumentum appono auxilium degero despecto. Terminatio angelus bellicus necessitatibus solus benevolentia earum conitor cura aureus. Surgo cubo spero clamo adaugeo fugiat amplus sumo viridis damno.\nPaulatim testimonium similique depono advoco ceno cado cubo. Socius admitto corpus assentator collum colligo bis casus. Tamisium delego vulgo tabgo acies autus arbor sordeo considero tendo.', '2024-12-15 14:41:43'),
(257, 46, 24, 'Adstringo ustilo aro verbera ascisco deinde vinculum umbra optio. Conventus eaque adflicto. Beatus amor canto.\nVallum itaque crustulum cetera aeternus placeat voro carpo stillicidium. Vix corona aeternus crepusculum crinis sopor demoror itaque quae fugiat. Demitto tenuis deficio eligendi.', '2024-12-15 14:41:43'),
(258, 38, 46, 'Vulgus cito tyrannus. Vestrum sum comedo tum pauper vulpes carbo dolor. Vallum caritas usque corporis.\nArguo crapula clam libero adflicto. Solus argentum dolorum caute. Comburo allatus somnus amplus amaritudo officiis.', '2024-12-15 14:41:43'),
(259, 43, 19, 'Eum charisma absum odit angustus arto. Ait attollo cohors alter tribuo thema statim. Vita strues amo absorbeo.\nBrevis confugo adsuesco crinis. Accusator inventore abscido demo paulatim altus aestus sto aurum asper. Stillicidium tertius vivo delinquo vere candidus.', '2024-12-15 14:41:43'),
(260, 3, 49, 'Antea conduco aedificium. Tum sodalitas aggero clamo verbum vitium est culpa. Cometes sol sustineo mollitia volo capto terror.\nPatria amita culpo. Audentia dolor ago torrens xiphias. Argumentum alias currus pecco.', '2024-12-15 14:41:43'),
(261, 16, 10, 'Tibi universe dolores aro comis. Charisma deleniti surgo brevis ad caste vergo casso conduco. Unde pecco statim vilis reiciendis.\nDesolo uter umbra vulnus admitto temporibus stips sodalitas cultellus laudantium. Acerbitas censura beatus agnosco deduco utor virtus clam succedo ut. Subvenio decumbo ultio cernuus cetera coniuratio clam vero vesper.', '2024-12-15 14:41:43'),
(262, 12, 1, 'Accusamus vito tenuis usque quo adulescens vulariter assumenda. Tergeo truculenter atrox averto utpote tenax artificiose. Utique cupiditas caries supra autus deserunt condico corrigo argentum.\nConforto infit utique degenero sopor. Textus cupressus auctor vorax. Amoveo speculum cuppedia accendo adstringo.', '2024-12-15 14:41:43'),
(263, 38, 37, 'Terreo ducimus pax. Minima traho officia ullam sollers suppellex teneo trans. Amet acidus adduco.\nAmitto sufficio conforto defero ex despecto cibo. Cras vinitor triumphus deludo voluptatem venustas. Thesaurus valens urbs claro solium tergum.', '2024-12-15 14:41:43'),
(264, 9, 16, 'Necessitatibus dolore asperiores stultus surgo cubitum coniecto sublime damnatio. Vomica quam sublime natus apto. Depraedor temperantia depulso.\nAnimus consequuntur tardus addo. Validus comburo arcus. Arbustum aestas degusto.', '2024-12-15 14:41:43'),
(265, 16, 9, 'Rerum nam cernuus ambitus voluptatibus amplexus cernuus ultra. Peior acceptus xiphias balbus spargo spoliatio. Velociter surgo incidunt taceo tamisium acies depraedor combibo talus.\nCribro cibo charisma. Victus dignissimos umquam tempus. Clamo coruscus virgo sublime arbor bellicus adduco a aureus.', '2024-12-15 14:41:43'),
(266, 25, 37, 'Ascit vos aestus vinco. Comedo vallum spero sto voluptatum tero vilis. Vito advenio usque deprecator ascisco creo adfero.\nRecusandae cohaero demergo spargo nemo. Deripio solum terebro vereor. Valens tardus color comitatus depopulo ceno adaugeo spes congregatio dolores.', '2024-12-15 14:41:43'),
(267, 14, 22, 'Strenuus attero conforto videlicet curo velit thymum. Verbera acervus vulnus urbanus conculco vilicus claustrum cernuus sui. Abstergo vitium caries bardus aufero atavus campana clibanus.\nDapifer sursum ciminatio despecto capillus solvo charisma confero comedo volo. Atrocitas validus tabesco varius canis apparatus. Thema collum quaerat velit.', '2024-12-15 14:41:43'),
(268, 24, 1, 'Cruentus terra tener amicitia absque compono cohors paulatim consequatur. Demitto substantia auditor viridis aliquid traho. Tum vix abeo.\nTibi vicinus quas caelestis deprecator abutor vestrum audentia. Ademptio aperio vereor amissio amita delectus. Tres vetus culpa rerum coepi arcus delectus.', '2024-12-15 14:41:43'),
(269, 31, 7, 'Absorbeo solum vix claro aeneus vivo cultellus ullam dolor aequus. Explicabo demonstro accendo adsuesco distinctio vigilo sapiente volaticus cumque. Arcus deficio vitae desparatus valde cervus quaerat quasi synagoga apto.\nCaveo attollo libero casso quo delectatio amet allatus copia ulciscor. Accusamus statua cogo cunctatio pecco defungo combibo viduo appositus. Crastinus carmen condico vulgaris sopor deduco sapiente decerno.', '2024-12-15 14:41:43'),
(270, 34, 1, 'Facilis veritatis volutabrum decretum voluptatum error. Defaeco appono trepide ventus crur tabula error vinco. Spero ter sapiente tam uter talus depereo viduo deleo.\nAsperiores casso amissio cernuus adnuo curo talis utilis corporis. Delinquo animus utpote decretum caveo in despecto cogito ullam. Aequus audacia una contra.', '2024-12-15 14:41:43'),
(271, 16, 25, 'Defero modi tollo basium arx denego turpis. Dolorem synagoga tergeo qui vito ceno conqueror adhuc urbanus nemo. Eius aetas degusto eius creator spoliatio hic quis coadunatio tergeo.\nDapifer sint coniecto cuppedia deleo sufficio. Victus tepidus defero decens cometes. Calamitas minus terror tamquam talio cornu degero deripio natus.', '2024-12-15 14:41:43'),
(272, 4, 41, 'Sto strenuus auditor termes admiratio abbas. Tubineus suspendo causa ex nesciunt cattus ubi teneo. Tunc sollicito thorax vitae utroque spargo casso defendo tenuis.\nAspernatur amitto doloremque valeo apud ciminatio sollers. Similique aperio considero denego. Quo clibanus laborum vulgo tego venio adipisci.', '2024-12-15 14:41:43'),
(273, 23, 24, 'Vitiosus quae solus totidem deludo usitas currus tamisium coniecto. Nulla creator tondeo. Reiciendis ater conspergo.\nCupio admiratio cogito avaritia utor infit admoneo dens adipisci. Summopere compello verto ascit sint ademptio aegre decet bonus. Sui atavus adnuo ambitus deputo demergo dolor abeo.', '2024-12-15 14:41:43'),
(274, 32, 49, 'Sollicito assentator coruscus aequus. Cursim videlicet studio cilicium tot consequatur corpus eveniet cruentus neque. Suus ciminatio spes villa ipsam adversus.\nOfficiis arma speciosus tubineus aperio demonstro adeo tametsi. Celo vito vulariter despecto balbus casso quam. Deputo conduco adstringo cogito allatus officiis arca tamisium.', '2024-12-15 14:41:43'),
(275, 50, 36, 'Eligendi tergo caries calcar. Tempore volaticus adicio corporis eius. Arcesso cometes verto a necessitatibus cognatus vociferor.\nUsitas adeptio vaco. Vindico deduco adopto vinco ventosus. Defaeco vulgus succedo taceo.', '2024-12-15 14:41:43'),
(276, 23, 35, 'Spectaculum alius suffragium denego campana. Appello tum demum quaerat autus. Canonicus deserunt conforto cauda nobis illum cervus dolore pecto rerum.\nVilis vomer auctor adipisci tum absconditus decens. Stultus bis soluta sono timidus vitiosus utrimque sufficio. Desidero cotidie deripio carpo arceo totidem curtus.', '2024-12-15 14:41:43'),
(277, 12, 32, 'Deprimo comis conscendo curriculum maxime suppellex delectus acies aptus. Creta beneficium cito commemoro socius brevis. Vorax inflammatio caries carcer conturbo nisi tabula tutamen tendo tabgo.\nCandidus correptius ultio depono benevolentia solvo commemoro totus comedo. Tredecim amaritudo surculus totam suus ipsa animi. Soleo dolorum verto mollitia adimpleo.', '2024-12-15 14:41:43'),
(278, 48, 45, 'Eum alveus depulso atque deripio utique quisquam demonstro. Dolorem eum sopor ustulo usus ademptio solio utique. Sed tametsi addo unus audio alius sulum vinum tolero territo.\nDepono comparo suggero subvenio stultus. Terebro aestivus debilito creator cunctatio uter virtus dicta. Arbor claro conqueror veniam animus tero venia bestia.', '2024-12-15 14:41:43'),
(279, 10, 19, 'Temporibus sono aetas. Vindico deputo impedit adipisci quia triduana derideo vero laudantium fugiat. Cervus bene adipiscor demergo terga usus tot.\nCulpa substantia vomito sapiente. Atrocitas casso umbra solutio totidem timidus crebro amicitia. Votum annus advoco conservo neque tenax cunctatio.', '2024-12-15 14:41:43'),
(280, 29, 49, 'Suffragium tot accusamus tepesco terreo solium adsuesco defetiscor. Culpa adsum expedita sto suppono derelinquo defleo tam triumphus. Cubitum vereor qui sulum cornu velum soleo.\nAuxilium unde turba ipsam abduco pecto aro ubi necessitatibus. Corroboro ex vindico vel ubi deporto. Vitiosus libero possimus nostrum administratio colo nobis.', '2024-12-15 14:41:43'),
(281, 5, 19, 'Assumenda dedico tepesco somnus tametsi argentum. In supra adduco officia ascit credo officia voluptates causa. Quae ustilo adficio tepesco culpo aegrus cometes.\nPossimus vindico tempora aestas tum angustus distinctio. Molestiae solio teres aegrus capio spes. Pariatur aiunt stips sum aegrotatio.', '2024-12-15 14:41:43'),
(282, 25, 24, 'Demens dignissimos armarium illum arca ait textus vereor crux. Terreo cui arceo aperio nisi substantia xiphias suus adsidue comburo. Venustas stultus consequuntur bellum caste canto terga abbas.\nTotidem contabesco coerceo copiose verbum. At aggredior aer deputo ubi arbitro curriculum maiores. Supplanto expedita bos cohors turpis conitor contra.', '2024-12-15 14:41:43'),
(283, 46, 25, 'Ambulo molestiae conservo cetera tener acer defleo amicitia aperiam. Absorbeo crepusculum contego dicta. Vitium subseco candidus decretum uxor versus astrum sublime dolore.\nCognatus magnam barba somnus. Ventito speculum desolo reprehenderit corona. Valeo voluptatibus vestrum a tenus amaritudo tam tremo esse vilicus.', '2024-12-15 14:41:43'),
(284, 16, 39, 'Appello vulgaris venia rem vulgaris uter tendo quasi. Supellex tepidus voluptatem occaecati. Vicissitudo denique vapulus vilis vado stipes curatio coepi tabula curis.\nVulnus capto ultio neque vociferor sopor anser ullam distinctio. Accommodo candidus abutor sodalitas delibero coruscus viduo aro conforto. Cotidie facilis carcer unus atqui.', '2024-12-15 14:41:43'),
(285, 35, 10, 'Atrocitas textus tolero nulla aduro. Cupiditas color cresco aestus. Alioqui careo suadeo color cernuus amaritudo pecto magnam ademptio.\nAcer solum ad aliqua adfectus cultura acquiro perspiciatis debilito. Validus alioqui rerum accusamus assentator. Appello peior pectus vespillo concido cresco adaugeo cuppedia nobis contra.', '2024-12-15 14:41:43'),
(286, 44, 37, 'Crapula coerceo sonitus cervus vomito temporibus dicta fugit una. Denuo thema accedo ocer aureus pax summa. Sed varius stabilis.\nViscus theca astrum pauper blandior corrupti labore. Curso curriculum sublime dicta vigilo excepturi adfero. Error certe umquam acerbitas vox sum sopor altus careo.', '2024-12-15 14:41:43'),
(287, 36, 31, 'Absconditus umerus ullam thalassinus coerceo voro consequuntur. Valde tertius ulterius asporto cresco. Appositus solium aequus.\nSub facilis bibo sequi vomito. Cariosus voveo quisquam. Tepesco ventito aestivus cultura spes chirographum.', '2024-12-15 14:41:43'),
(288, 50, 35, 'Vulgus vitiosus baiulus. Tergo vitae thermae creber admitto. Ea apostolus thesis cultellus vilicus decretum tabesco.\nCapillus bis vir amet calamitas adhaero ultio vallum eligendi denuncio. Vapulus suasoria carcer solutio patria sol suus certe. Dapifer demitto reprehenderit sulum ultra tolero sunt benigne.', '2024-12-15 14:41:43'),
(289, 36, 31, 'Cognatus sui debilito tener. Considero denuncio utrimque depereo enim eos contra tabula. Talus turba subvenio corrupti bestia amissio accendo nostrum damno.\nTripudio ubi laborum surculus beneficium somnus ver fuga tempus. Conspergo terga venio. Coruscus fuga accedo bis subnecto bis.', '2024-12-15 14:41:43'),
(290, 48, 1, 'Exercitationem bibo attonbitus summisse virtus atrox aetas delectus voluptatum verbum. Sunt defleo pariatur addo umbra tempora angulus cotidie. Complectus vulgo basium tam decipio cunabula aiunt bis.\nQuo vapulus nulla vester velociter coruscus conatus defetiscor. Supellex tabgo suffragium tamen defendo despecto vitiosus. Super paulatim quas denique speculum coma vigilo sollers.', '2024-12-15 14:41:43'),
(291, 27, 4, 'Paulatim nemo concido maxime quos cur crapula verumtamen censura. Conscendo quos thalassinus quos. Dolores ultio argentum contego approbo bellum deporto celebrer.\nCiminatio terra degusto cunctatio sequi. Acervus architecto vivo. Patria stultus utrum coaegresco usque tubineus.', '2024-12-15 14:41:43'),
(292, 12, 18, 'Solitudo corpus vir utor cupressus tutamen. Error celo quia coruscus occaecati consectetur repudiandae. Stella animi ex.\nTenus depromo spargo delinquo crux iusto. Cribro admoveo creber culpa reiciendis toties. Consectetur facere deprimo.', '2024-12-15 14:41:43'),
(293, 14, 49, 'Averto appositus terreo adamo speciosus. Solitudo acies vicinus suasoria desidero sursum. Solitudo beneficium capitulus thermae damno apud.\nNostrum conatus deduco velociter usitas ustulo qui veritatis coruscus sublime. Delego apparatus possimus ademptio. Coniuratio absens vulticulus thalassinus adsuesco textilis.', '2024-12-15 14:41:43'),
(294, 49, 14, 'Auditor bellum amor rerum suadeo comitatus tripudio. Comis aureus agnitio soleo compello tum titulus harum vestrum vorago. Terebro adulescens porro.\nAlveus conturbo amor capillus vis. Bibo degenero cresco amor velum. Cohors animadverto tergo laboriosam alveus eius degenero cetera.', '2024-12-15 14:41:43'),
(295, 44, 17, 'Articulus quaerat arbor amor credo ante comitatus copia. Audio coaegresco debilito trado condico spero peccatus tactus tepesco ipsam. Annus stipes tardus annus timidus teneo acsi contabesco ipsam tubineus.\nNulla aptus depulso coma umbra. Curatio sit bos peior super adsuesco uxor vitae. Viduo conduco impedit ultra admoveo aequitas decet voveo.', '2024-12-15 14:41:43'),
(296, 3, 25, 'Cena pecto umerus tepesco delectatio acidus congregatio cogo. Vilitas aqua perspiciatis antea terminatio depono aestus adstringo xiphias conspergo. Odio constans suggero tumultus condico nesciunt.\nDemum cupressus corporis neque condico. Turbo defungo nam volubilis supra vado altus vitium. Absconditus custodia tametsi talis adsidue varius stultus vulpes et accedo.', '2024-12-15 14:41:43'),
(297, 17, 30, 'Cunctatio demitto ut incidunt supra spes tolero. Curo arcus arbustum accommodo damnatio distinctio bardus urbs. Dolorum vitae victus abduco alter sophismata quam subiungo adipisci.\nViscus utilis tamisium. Voro denique umerus subiungo tamen caelestis. Sit cura apostolus consequuntur aperte summopere cariosus curis.', '2024-12-15 14:41:43'),
(298, 34, 11, 'Culpo aeger coadunatio eveniet velut verbum arbor aufero. Vae vae commodi vel suadeo vulgus abundans. Accusantium avaritia aegre possimus ab vulnero undique aestas appositus quia.\nQuod cras umquam. Velit bestia capitulus usus valde curatio. Tertius strues delectus cinis claudeo cultura utilis arceo vallum.', '2024-12-15 14:41:43'),
(299, 5, 45, 'Occaecati adfectus celo deorsum allatus tego valetudo vitae. Concedo dolor contabesco acies aperte cibo conturbo cogito. Arca terminatio velociter terebro substantia.\nCaelestis teres nostrum thermae crustulum acervus. Alveus clam vinum cometes sumo aptus. Statim acceptus spoliatio accommodo crastinus.', '2024-12-15 14:41:43'),
(300, 43, 40, 'Depraedor arma eaque laborum talis depulso. Adicio terminatio deinde culpa bos verecundia eius desidero turbo volutabrum. Statua usitas ustulo commodo adeptio pecco defungo appono vitiosus exercitationem.\nVerecundia creator sol aegrus desparatus. Ambulo aperio odio aequitas depereo. Laboriosam accusator decet.', '2024-12-15 14:41:43');

-- --------------------------------------------------------

--
-- Table structure for table `threads`
--

CREATE TABLE `threads` (
  `id` int(11) NOT NULL,
  `authorId` int(11) NOT NULL,
  `title` text NOT NULL,
  `tagId` int(11) DEFAULT NULL,
  `createdAt` timestamp NOT NULL DEFAULT current_timestamp() ON UPDATE current_timestamp()
) ENGINE=InnoDB DEFAULT CHARSET=utf8mb4 COLLATE=utf8mb4_bin;

--
-- Dumping data for table `threads`
--

INSERT INTO `threads` (`id`, `authorId`, `title`, `tagId`, `createdAt`) VALUES
(1, 7, 'Depromo thesaurus tribuo ara.', 6, '2024-12-15 14:41:42'),
(2, 27, 'Cras speciosus possimus.', 6, '2024-12-15 14:41:42'),
(3, 40, 'Conicio certe quidem atavus uxor voluptate.', 2, '2024-12-15 14:41:42'),
(4, 28, 'Solio cogito possimus beneficium tollo decipio.', 1, '2024-12-15 14:41:42'),
(5, 12, 'Studio comparo cado labore.', 2, '2024-12-15 14:41:42'),
(6, 34, 'Blandior virtus aestas necessitatibus amplexus congregatio.', NULL, '2024-12-15 14:41:42'),
(7, 36, 'Vicissitudo adflicto cui comis auditor debilito thymum decumbo audacia.', 3, '2024-12-15 14:41:42'),
(8, 39, 'Vilis aranea tot comptus creta demum.', 6, '2024-12-15 14:41:42'),
(9, 20, 'Attollo qui vita cognatus urbanus.', NULL, '2024-12-15 14:41:42'),
(10, 35, 'Bardus delego verbera ocer stella demo vito.', NULL, '2024-12-15 14:41:42'),
(11, 25, 'Comptus alter desidero.', NULL, '2024-12-15 14:41:42'),
(12, 42, 'Ipsa charisma calco vulnus benevolentia surculus voluptatum.', 3, '2024-12-15 14:41:42'),
(13, 10, 'Caecus tempus civis adfero universe vulgo libero tracto minima vereor.', 6, '2024-12-15 14:41:42'),
(14, 37, 'Arguo totidem canonicus excepturi adulatio.', NULL, '2024-12-15 14:41:42'),
(15, 41, 'Quibusdam crapula victoria.', 2, '2024-12-15 14:41:42'),
(16, 30, 'Aperio curis cervus thalassinus contra.', 6, '2024-12-15 14:41:42'),
(17, 6, 'Tempore surculus abundans tibi dolorum arca pauper.', 3, '2024-12-15 14:41:42'),
(18, 2, 'Tener vesco adipiscor provident arto amiculum arguo capitulus.', 3, '2024-12-15 14:41:42'),
(19, 16, 'Una aurum comminor comis bene desidero praesentium modi.', 6, '2024-12-15 14:41:42'),
(20, 48, 'Summisse textilis amoveo adicio.', 6, '2024-12-15 14:41:42'),
(21, 35, 'Occaecati sunt vilicus.', 5, '2024-12-15 14:41:42'),
(22, 16, 'Viriliter mollitia placeat.', 6, '2024-12-15 14:41:42'),
(23, 32, 'Alius voluptatem colo desidero trans cerno considero provident.', NULL, '2024-12-15 14:41:42'),
(24, 43, 'Conculco depono vitium thorax ea trepide deripio arma arca cupio.', 3, '2024-12-15 14:41:42'),
(25, 7, 'Ater cum comburo aggero paens stultus casso commodo.', 1, '2024-12-15 14:41:42'),
(26, 12, 'Consectetur veritas umerus tergum eaque vester.', 1, '2024-12-15 14:41:42'),
(27, 6, 'In perferendis amet audax adopto curis laborum adstringo desparatus ulterius.', 5, '2024-12-15 14:41:42'),
(28, 15, 'Animus casso sit tui cultura.', NULL, '2024-12-15 14:41:42'),
(29, 14, 'Decipio ipsa vicinus laudantium conqueror animadverto curatio tubineus uterque.', NULL, '2024-12-15 14:41:42'),
(30, 37, 'Ubi curia vero aedificium derideo carcer maiores cattus alienus adamo.', 4, '2024-12-15 14:41:42'),
(31, 24, 'Necessitatibus triduana desino perferendis.', NULL, '2024-12-15 14:41:42'),
(32, 11, 'Sequi dens crudelis.', NULL, '2024-12-15 14:41:42'),
(33, 27, 'Urbanus vinco tendo candidus velit debitis.', NULL, '2024-12-15 14:41:42'),
(34, 12, 'Infit sonitus conqueror dapifer tutamen sum terga denuncio.', NULL, '2024-12-15 14:41:42'),
(35, 19, 'Verecundia aeger officia iste verto auxilium atrocitas compono abbas.', 3, '2024-12-15 14:41:42'),
(36, 43, 'Tripudio odit abeo ager quam aspernatur derelinquo constans.', 1, '2024-12-15 14:41:42'),
(37, 49, 'Ullus verbera convoco cohors creator utpote baiulus.', NULL, '2024-12-15 14:41:42'),
(38, 5, 'Allatus damno caste tremo porro deduco degusto.', 6, '2024-12-15 14:41:42'),
(39, 40, 'Vilicus amplitudo charisma caveo delicate degusto tenetur somnus compello.', 2, '2024-12-15 14:41:42'),
(40, 17, 'Spargo usque rerum arto brevis defaeco termes depopulo sui tergeo.', 2, '2024-12-15 14:41:42'),
(41, 28, 'Deserunt audax tactus mollitia derelinquo ad currus alius cado.', NULL, '2024-12-15 14:41:42'),
(42, 38, 'Coaegresco peccatus capio.', 1, '2024-12-15 14:41:42'),
(43, 44, 'Truculenter xiphias auxilium coaegresco usitas aiunt quisquam.', 4, '2024-12-15 14:41:42'),
(44, 38, 'Beneficium aut solum.', NULL, '2024-12-15 14:41:42'),
(45, 40, 'Caste urbs centum terminatio.', 6, '2024-12-15 14:41:42'),
(46, 14, 'Conor animus arguo quae despecto aedificium.', 1, '2024-12-15 14:41:42'),
(47, 30, 'Textor chirographum blanditiis crebro adfero statim tollo.', 5, '2024-12-15 14:41:42'),
(48, 8, 'Cado crebro corrigo cohibeo.', 1, '2024-12-15 14:41:42'),
(49, 36, 'Cupio coma dicta.', 5, '2024-12-15 14:41:42'),
(50, 48, 'Vapulus tot aetas alveus sapiente ancilla.', NULL, '2024-12-15 14:41:42');

-- --------------------------------------------------------

--
-- Table structure for table `threadtags`
--

CREATE TABLE `threadtags` (
  `id` int(11) NOT NULL,
  `name` text NOT NULL,
  `color` varchar(7) NOT NULL
) ENGINE=InnoDB DEFAULT CHARSET=utf8mb4 COLLATE=utf8mb4_general_ci;

--
-- Dumping data for table `threadtags`
--

INSERT INTO `threadtags` (`id`, `name`, `color`) VALUES
(1, 'Off-topic', '#a9d962'),
(2, 'Meta', '#5260ff'),
(3, 'Cars', '#752f09'),
(4, 'IT', '#c800e3'),
(5, 'Programming', '#45ecff'),
(6, 'Cooking', '#9c226d');

-- --------------------------------------------------------

--
-- Table structure for table `users`
--

CREATE TABLE `users` (
  `id` int(11) NOT NULL,
  `accountId` int(11) NOT NULL,
  `username` varchar(20) NOT NULL,
  `displayName` varchar(50) NOT NULL,
  `registerDate` timestamp NOT NULL DEFAULT current_timestamp() ON UPDATE current_timestamp()
) ENGINE=InnoDB DEFAULT CHARSET=utf8mb4 COLLATE=utf8mb4_bin;

--
-- Dumping data for table `users`
--

INSERT INTO `users` (`id`, `accountId`, `username`, `displayName`, `registerDate`) VALUES
(1, 1, 'Adele49', 'Carla Lesch', '2024-12-15 14:41:20'),
(2, 2, 'Melba.Kunde67', 'Rafael Skiles', '2024-12-15 14:41:20'),
(3, 3, 'Burley_Reichert6', 'Brett Von', '2024-12-15 14:41:20'),
(4, 4, 'Gerda43', 'Frankie Conn', '2024-12-15 14:41:20'),
(5, 5, 'Hipolito65', 'Alexandra Beahan', '2024-12-15 14:41:20'),
(6, 6, 'Keshawn.Buckridge-Ha', 'Melinda Lang', '2024-12-15 14:41:20'),
(7, 7, 'Granville_Mills', 'Timmy Dickens I', '2024-12-15 14:41:20'),
(8, 8, 'Mayra_Bruen21', 'Pam Sanford', '2024-12-15 14:41:20'),
(9, 9, 'Eliseo.Zemlak', 'Warren Hilpert DVM', '2024-12-15 14:41:21'),
(10, 10, 'Austyn_Ferry20', 'Mr. Jimmy Funk', '2024-12-15 14:41:21'),
(11, 11, 'Evans_Cruickshank64', 'Josefina Grant DVM', '2024-12-15 14:41:21'),
(12, 12, 'Percy.Rau62', 'Dan Wunsch', '2024-12-15 14:41:21'),
(13, 13, 'Lillian.Willms82', 'Simon Purdy', '2024-12-15 14:41:21'),
(14, 14, 'Dorothea20', 'Bobby Howell', '2024-12-15 14:41:21'),
(15, 15, 'Abdul.Grimes', 'Anita Dach', '2024-12-15 14:41:21'),
(16, 16, 'Neoma.Mayert10', 'Louise Rowe', '2024-12-15 14:41:21'),
(17, 17, 'Sydnie_Funk', 'Jonathon Abernathy', '2024-12-15 14:41:21'),
(18, 18, 'Sharon62', 'Jenna Wolff', '2024-12-15 14:41:21'),
(19, 19, 'Orlo_Bode63', 'Cecil Green', '2024-12-15 14:41:21'),
(20, 20, 'Cathryn_Schroeder38', 'Erika Walsh', '2024-12-15 14:41:21'),
(21, 21, 'Piper_Koelpin', 'Mattie Bernhard', '2024-12-15 14:41:21'),
(22, 22, 'Sanford_OKon', 'Earnest Nikolaus', '2024-12-15 14:41:21'),
(23, 23, 'Blanca.Rath3', 'Holly Cummings DDS', '2024-12-15 14:41:22'),
(24, 24, 'Imogene22', 'Bradford Rutherford', '2024-12-15 14:41:22'),
(25, 25, 'Brice_Stoltenberg', 'Monica Jacobson', '2024-12-15 14:41:22'),
(26, 26, 'Glenda.Swift', 'Wilbur O\'Kon', '2024-12-15 14:41:22'),
(27, 27, 'Juliet_Bergnaum83', 'Tanya Lakin', '2024-12-15 14:41:22'),
(28, 28, 'Brenda_Thompson48', 'Shelia Kulas', '2024-12-15 14:41:22'),
(29, 29, 'Reginald61', 'Shannon McDermott', '2024-12-15 14:41:22'),
(30, 30, 'Roel.Wiza83', 'Edmund Langworth', '2024-12-15 14:41:22'),
(31, 31, 'Rylee36', 'Pete Dietrich', '2024-12-15 14:41:22'),
(32, 32, 'Juliana_Lind34', 'Willis Wiza', '2024-12-15 14:41:22'),
(33, 33, 'Danika36', 'Elaine Witting DDS', '2024-12-15 14:41:22'),
(34, 34, 'Destany_Cruickshank2', 'Marion Wiegand', '2024-12-15 14:41:22'),
(35, 35, 'Miles_Rice10', 'Phil Graham-Rodriguez', '2024-12-15 14:41:22'),
(36, 36, 'Marge_Heller', 'Ora Gleason', '2024-12-15 14:41:23'),
(37, 37, 'Gilbert_Spinka-Bashi', 'David Denesik II', '2024-12-15 14:41:23'),
(38, 38, 'Camille_Schroeder', 'Lula O\'Conner V', '2024-12-15 14:41:23'),
(39, 39, 'Afton.Ebert', 'Tanya Roberts', '2024-12-15 14:41:23'),
(40, 40, 'Era_Schinner', 'Miss Blanche Keeling', '2024-12-15 14:41:23'),
(41, 41, 'Gust_Bednar', 'Mack Borer', '2024-12-15 14:41:23'),
(42, 42, 'Damaris_Pollich', 'Dr. Elbert Towne', '2024-12-15 14:41:23'),
(43, 43, 'August30', 'Dr. Lucas Parisian', '2024-12-15 14:41:23'),
(44, 44, 'Evalyn.Jenkins', 'Israel Durgan', '2024-12-15 14:41:23'),
(45, 45, 'Lonzo.Terry7', 'Ida Jacobs', '2024-12-15 14:41:23'),
(46, 46, 'Charlotte_Christians', 'Forrest Jones', '2024-12-15 14:41:23'),
(47, 47, 'Kellen.Welch75', 'Shelia Osinski', '2024-12-15 14:41:23'),
(48, 48, 'Barrett22', 'Julia McClure', '2024-12-15 14:41:23'),
(49, 49, 'Danial_Murphy', 'Douglas Prohaska', '2024-12-15 14:41:23'),
(50, 50, 'Wyman.Lind', 'Roy Kilback', '2024-12-15 14:41:24');

--
-- Indexes for dumped tables
--

--
-- Indexes for table `accounts`
--
ALTER TABLE `accounts`
  ADD PRIMARY KEY (`id`),
  ADD UNIQUE KEY `uniqueAccountEmail` (`email`) USING HASH;

--
-- Indexes for table `attachments`
--
ALTER TABLE `attachments`
  ADD PRIMARY KEY (`id`);

--
-- Indexes for table `postattachments`
--
ALTER TABLE `postattachments`
  ADD PRIMARY KEY (`id`),
  ADD KEY `postId` (`postId`),
  ADD KEY `attachmentId` (`attachmentId`);

--
-- Indexes for table `posts`
--
ALTER TABLE `posts`
  ADD PRIMARY KEY (`id`),
  ADD KEY `postThreadIndex` (`threadId`);

--
-- Indexes for table `threads`
--
ALTER TABLE `threads`
  ADD PRIMARY KEY (`id`),
  ADD KEY `tagId` (`tagId`),
  ADD KEY `authorId` (`authorId`);

--
-- Indexes for table `threadtags`
--
ALTER TABLE `threadtags`
  ADD PRIMARY KEY (`id`);

--
-- Indexes for table `users`
--
ALTER TABLE `users`
  ADD PRIMARY KEY (`id`),
  ADD UNIQUE KEY `uniqueUsername` (`username`),
  ADD KEY `accountId` (`accountId`);

--
-- AUTO_INCREMENT for dumped tables
--

--
-- AUTO_INCREMENT for table `accounts`
--
ALTER TABLE `accounts`
  MODIFY `id` int(11) NOT NULL AUTO_INCREMENT, AUTO_INCREMENT=51;

--
-- AUTO_INCREMENT for table `attachments`
--
ALTER TABLE `attachments`
  MODIFY `id` int(11) NOT NULL AUTO_INCREMENT;

--
-- AUTO_INCREMENT for table `postattachments`
--
ALTER TABLE `postattachments`
  MODIFY `id` int(11) NOT NULL AUTO_INCREMENT;

--
-- AUTO_INCREMENT for table `posts`
--
ALTER TABLE `posts`
  MODIFY `id` int(11) NOT NULL AUTO_INCREMENT, AUTO_INCREMENT=301;

--
-- AUTO_INCREMENT for table `threads`
--
ALTER TABLE `threads`
  MODIFY `id` int(11) NOT NULL AUTO_INCREMENT, AUTO_INCREMENT=51;

--
-- AUTO_INCREMENT for table `threadtags`
--
ALTER TABLE `threadtags`
  MODIFY `id` int(11) NOT NULL AUTO_INCREMENT, AUTO_INCREMENT=7;

--
-- AUTO_INCREMENT for table `users`
--
ALTER TABLE `users`
  MODIFY `id` int(11) NOT NULL AUTO_INCREMENT, AUTO_INCREMENT=51;

--
-- Constraints for dumped tables
--

--
-- Constraints for table `postattachments`
--
ALTER TABLE `postattachments`
  ADD CONSTRAINT `postattachments_ibfk_1` FOREIGN KEY (`attachmentId`) REFERENCES `attachments` (`id`) ON DELETE CASCADE ON UPDATE CASCADE,
  ADD CONSTRAINT `postattachments_ibfk_2` FOREIGN KEY (`attachmentId`) REFERENCES `posts` (`id`);

--
-- Constraints for table `posts`
--
ALTER TABLE `posts`
  ADD CONSTRAINT `posts_ibfk_1` FOREIGN KEY (`threadId`) REFERENCES `threads` (`id`) ON DELETE CASCADE;

--
-- Constraints for table `threads`
--
ALTER TABLE `threads`
  ADD CONSTRAINT `threads_ibfk_1` FOREIGN KEY (`tagId`) REFERENCES `threadtags` (`id`) ON DELETE SET NULL ON UPDATE CASCADE,
  ADD CONSTRAINT `threads_ibfk_2` FOREIGN KEY (`authorId`) REFERENCES `users` (`id`);

--
-- Constraints for table `users`
--
ALTER TABLE `users`
  ADD CONSTRAINT `users_ibfk_1` FOREIGN KEY (`accountId`) REFERENCES `accounts` (`id`);
COMMIT;

/*!40101 SET CHARACTER_SET_CLIENT=@OLD_CHARACTER_SET_CLIENT */;
/*!40101 SET CHARACTER_SET_RESULTS=@OLD_CHARACTER_SET_RESULTS */;
/*!40101 SET COLLATION_CONNECTION=@OLD_COLLATION_CONNECTION */;
